0.71,1013.09,22.71,30.62,17.11,1483272000,9.0,71.0,2017-01-01 09:00:00,INTERPOLATED
0.71,1013.09,22.71,30.62,17.11,1483358400,9.0,71.0,2017-01-02 09:00:00,"Partly cloudy starting in the afternoon, continuing until evening."
0.98,1002.8,22.61,28.1,22.61,1483444800,7.0,50.0,2017-01-03 09:00:00,Mostly cloudy throughout the day.
0.54,1006.6,21.11,27.7,17.51,1483531200,9.0,200.0,2017-01-04 09:00:00,Partly cloudy until afternoon.
0.6,1012.71,18.61,25.32,13.71,1483617600,11.0,161.0,2017-01-05 09:00:00,Clear throughout the day.
0.69,1015.42,19.91,29.71,13.61,1483704000,11.0,50.0,2017-01-06 09:00:00,Breezy until evening and partly cloudy starting in the evening.
0.75,1009.1,27.62,33.12,22.51,1483790400,8.0,341.0,2017-01-07 09:00:00,Humid and mostly cloudy throughout the day.
0.96,1010.4,19.81,25.62,19.21,1483876800,5.0,290.0,2017-01-08 09:00:00,Breezy in the morning and overcast until afternoon.
0.88,1001.71,24.11,30.31,18.51,1483963200,7.0,20.0,2017-01-09 09:00:00,Mostly cloudy until evening.
0.9,1012.4,19.21,26.21,13.71,1484049600,6.0,20.0,2017-01-10 09:00:00,Mostly cloudy until evening.
0.66,1014.11,21.31,29.42,13.71,1484136000,10.0,20.0,2017-01-11 09:00:00,Clear throughout the day.
0.75,1011.5,25.01,31.49,17.61,1484222400,8.0,20.0,2017-01-12 09:00:00,Partly cloudy until afternoon.
0.83,1007.21,24.61,29.02,23.0,1484308800,6.0,230.0,2017-01-13 09:00:00,Mostly cloudy until evening.
0.72,1009.91,19.81,28.62,14.61,1484395200,11.0,50.0,2017-01-14 09:00:00,Mostly cloudy starting in the evening.
0.87,1008.3,16.41,22.61,16.41,1484481600,5.0,140.0,2017-01-15 09:00:00,Mostly cloudy throughout the day.
0.86,1006.6,21.01,26.21,18.31,1484568000,6.0,140.0,2017-01-16 09:00:00,Mostly cloudy until evening.
0.85,1006.91,24.0,31.21,19.51,1484654400,10.0,200.0,2017-01-17 09:00:00,Clear throughout the day.
0.84,1009.755,24.405,31.96,19.86,1484740800,9.5,100.0,2017-01-18 09:00:00,INTERPOLATED
0.83,1012.6,24.81,32.71,20.21,1484827200,9.0,0.0,2017-01-19 09:00:00,Partly cloudy until afternoon.
0.81,1015.29,26.4,31.82,23.0,1484913600,10.0,0.0,2017-01-20 09:00:00,Partly cloudy overnight.
0.74,1015.09,23.6,32.82,20.51,1485000000,10.0,0.0,2017-01-21 09:00:00,Partly cloudy in the morning.
0.75,1012.71,25.41,32.01,21.11,1485086400,8.0,20.0,2017-01-22 09:00:00,Mostly cloudy throughout the day.
0.83,1013.59,23.6,30.4,21.52,1485172800,7.0,90.0,2017-01-23 09:00:00,Mostly cloudy until evening.
0.87,1007.9,23.41,30.22,19.01,1485259200,6.0,251.0,2017-01-24 09:00:00,Mostly cloudy until evening.
0.72,1015.72,17.61,23.6,15.01,1485345600,9.0,140.0,2017-01-25 09:00:00,Mostly cloudy in the evening.
0.7166666666666667,1015.8433333333334,18.843333333333334,25.80666666666667,14.51,1485432000,9.333333333333334,93.33333333333334,2017-01-26 09:00:00,INTERPOLATED
0.7133333333333333,1015.9666666666667,20.076666666666664,28.013333333333332,14.01,1485518400,9.666666666666666,46.66666666666667,2017-01-27 09:00:00,INTERPOLATED
0.71,1016.09,21.31,30.22,13.51,1485604800,10.0,0.0,2017-01-28 09:00:00,Clear throughout the day.
0.72,1014.2,22.71,31.11,16.61,1485691200,10.0,20.0,2017-01-29 09:00:00,"Breezy starting in the afternoon, continuing until evening."
0.69,1011.11,25.01,33.61,17.01,1485777600,9.0,20.0,2017-01-30 09:00:00,"Partly cloudy starting in the afternoon, continuing until evening."
0.77,1009.61,26.21,33.4,21.71,1485864000,9.0,0.0,2017-01-31 09:00:00,Humid throughout the day and mostly cloudy starting in the evening.
0.83,1010.5,20.51,26.31,17.61,1485950400,5.0,200.0,2017-02-01 09:00:00,Mostly cloudy until evening.
0.87,1009.19,20.01,26.7,17.71,1486036800,8.0,140.0,2017-02-02 09:00:00,Partly cloudy until afternoon.
0.83,1008.11,21.81,28.82,17.51,1486123200,7.0,50.0,2017-02-03 09:00:00,Partly cloudy until evening.
0.85,1006.2,21.71,25.21,17.61,1486209600,5.0,50.0,2017-02-04 09:00:00,Mostly cloudy throughout the day.
0.78,1003.6,16.41,18.51,16.21,1486296000,5.0,230.0,2017-02-05 09:00:00,Breezy in the morning and mostly cloudy until evening.
0.73,1015.62,16.11,23.6,12.01,1486382400,10.0,200.0,2017-02-06 09:00:00,Clear throughout the day.
0.75,1014.11,18.11,25.62,13.01,1486468800,8.0,20.0,2017-02-07 09:00:00,Partly cloudy throughout the day.
0.79,1012.09,19.21,28.21,16.51,1486555200,9.0,71.0,2017-02-08 09:00:00,Mostly cloudy starting in the afternoon.
0.9,1014.9,18.01,23.31,18.01,1486641600,5.0,180.0,2017-02-09 09:00:00,Mostly cloudy throughout the day.
0.84,1013.59,20.21,27.21,17.71,1486728000,5.0,140.0,2017-02-10 09:00:00,Mostly cloudy throughout the day.
0.89,1013.09,19.11,25.81,18.01,1486814400,5.0,110.0,2017-02-11 09:00:00,Mostly cloudy throughout the day.
0.94,1011.9,18.51,25.5,17.01,1486900800,5.0,161.0,2017-02-12 09:00:00,Mostly cloudy throughout the day.
0.9,1012.29,18.51,23.12,18.01,1486987200,5.0,161.0,2017-02-13 09:00:00,Overcast throughout the day.
0.89,1010.6,20.21,25.62,19.21,1487073600,5.0,200.0,2017-02-14 09:00:00,Mostly cloudy until afternoon.
0.88,1012.91,22.61,30.22,19.21,1487160000,7.0,270.0,2017-02-15 09:00:00,"Partly cloudy starting in the afternoon, continuing until evening."
0.87,1009.79,22.02,29.22,19.71,1487246400,6.0,20.0,2017-02-16 09:00:00,Mostly cloudy until afternoon.
0.81,1006.8,24.61,31.82,19.21,1487332800,8.0,71.0,2017-02-17 09:00:00,Overcast starting in the afternoon and breezy starting in the evening.
0.78,1007.1,19.61,28.71,19.11,1487419200,5.0,90.0,2017-02-18 09:00:00,Mostly cloudy until evening.
0.95,1013.8,20.01,29.92,16.21,1487505600,9.0,0.0,2017-02-19 09:00:00,Clear throughout the day.
0.86,1014.61,23.6,32.61,18.21,1487592000,9.0,0.0,2017-02-20 09:00:00,Humid throughout the day.
0.85,1013.0,26.02,34.32,22.02,1487678400,7.0,0.0,2017-02-21 09:00:00,"Humid throughout the day and partly cloudy starting in the afternoon, continuing until evening."
0.87,1013.29,22.82,32.61,20.01,1487764800,6.0,140.0,2017-02-22 09:00:00,Partly cloudy until evening and humid throughout the day.
0.92,1010.5,24.7,33.4,22.02,1487851200,6.0,270.0,2017-02-23 09:00:00,Mostly cloudy until evening and humid throughout the day.
0.86,1010.8,24.4,33.22,22.51,1487937600,6.0,71.0,2017-02-24 09:00:00,Partly cloudy until evening and humid throughout the day.
0.79,1010.8,26.6,34.72,22.61,1488024000,6.0,0.0,2017-02-25 09:00:00,Humid and mostly cloudy throughout the day.
0.91,1010.6,24.32,33.61,22.02,1488110400,6.0,50.0,2017-02-26 09:00:00,Humid and mostly cloudy throughout the day.
0.91,1009.4,21.52,27.41,21.52,1488196800,5.0,270.0,2017-02-27 09:00:00,Mostly cloudy until evening and humid throughout the day.
0.95,1006.2,23.12,31.72,19.31,1488283200,8.0,270.0,2017-02-28 09:00:00,Clear throughout the day.
0.78,1003.5,21.01,29.8,20.71,1488369600,6.0,145.0,2017-03-01 09:00:00,Mostly cloudy until evening.
0.84,1002.7,22.31,33.99,19.21,1488456000,8.0,20.0,2017-03-02 09:00:00,Partly cloudy in the morning.
0.79,1014.11,18.21,23.12,18.01,1488542400,4.0,161.0,2017-03-03 09:00:00,Overcast throughout the day.
0.9,1013.59,16.21,23.5,16.21,1488628800,6.0,180.0,2017-03-04 09:00:00,Mostly cloudy until afternoon.
0.8,1013.71,17.41,25.81,13.21,1488715200,7.0,50.0,2017-03-05 09:00:00,"Partly cloudy starting in the afternoon, continuing until evening."
0.85,1013.09,18.01,26.5,15.01,1488801600,6.0,270.0,2017-03-06 09:00:00,Mostly cloudy until afternoon.
0.67,1017.6,17.11,26.5,15.51,1488888000,5.0,90.0,2017-03-07 09:00:00,Mostly cloudy throughout the day.
0.92,1009.19,19.11,28.21,18.01,1488974400,5.0,0.0,2017-03-08 09:00:00,Mostly cloudy until evening and breezy starting in the evening.
0.94,1001.3,19.01,26.4,17.61,1489060800,6.0,180.0,2017-03-09 09:00:00,Mostly cloudy until afternoon and breezy in the afternoon.
0.58,1014.39,16.21,23.0,12.01,1489147200,8.0,251.0,2017-03-10 09:00:00,Partly cloudy overnight.
0.75,1012.09,15.61,26.02,11.21,1489233600,5.0,50.0,2017-03-11 09:00:00,Mostly cloudy until evening.
0.53,1016.88,13.81,21.31,13.01,1489320000,7.0,230.0,2017-03-12 09:00:00,Clear throughout the day.
0.73,1014.7,14.31,27.81,8.01,1489406400,7.0,341.0,2017-03-13 09:00:00,Clear throughout the day.
0.77,1012.4,17.81,29.1,14.01,1489492800,7.0,0.0,2017-03-14 09:00:00,Mostly cloudy starting in the afternoon.
0.87,1009.19,17.91,20.11,14.61,1489579200,4.0,0.0,2017-03-15 09:00:00,Mostly cloudy until evening.
0.83,1019.89,13.81,19.31,12.21,1489665600,5.0,200.0,2017-03-16 09:00:00,Partly cloudy until evening.
0.95,1023.28,12.81,23.5,7.51,1489752000,7.0,110.0,2017-03-17 09:00:00,Clear throughout the day.
0.82,1021.92,14.01,24.51,8.61,1489838400,7.0,20.0,2017-03-18 09:00:00,Clear throughout the day.
0.93,1021.28,14.41,25.81,10.61,1489924800,6.0,71.0,2017-03-19 09:00:00,Clear throughout the day.
0.94,1022.09,13.01,25.62,12.51,1490011200,5.0,71.0,2017-03-20 09:00:00,Partly cloudy until evening.
0.97,1021.28,16.51,25.62,14.41,1490097600,5.0,71.0,2017-03-21 09:00:00,Foggy in the morning.
0.92,1019.49,18.11,27.21,16.71,1490184000,6.0,110.0,2017-03-22 09:00:00,Partly cloudy until evening.
0.99,1015.72,18.61,24.7,17.51,1490270400,4.0,50.0,2017-03-23 09:00:00,Mostly cloudy until evening.
0.86,1013.59,17.61,29.22,15.21,1490356800,5.0,50.0,2017-03-24 09:00:00,"Partly cloudy starting in the afternoon, continuing until evening."
0.88,1013.8,20.51,30.09,17.01,1490443200,5.0,90.0,2017-03-25 09:00:00,"Partly cloudy starting in the afternoon and breezy starting in the afternoon, continuing until evening."
0.84,1011.39,20.21,27.21,18.61,1490529600,4.0,50.0,2017-03-26 09:00:00,"Mostly cloudy until evening and breezy starting in the afternoon, continuing until evening."
0.86,1015.52,20.91,30.31,17.71,1490616000,6.0,20.0,2017-03-27 09:00:00,Clear throughout the day.
0.92,1019.1,20.21,28.62,18.01,1490702400,6.0,50.0,2017-03-28 09:00:00,Partly cloudy until afternoon.
0.84,1017.1,18.21,28.4,16.51,1490788800,5.0,50.0,2017-03-29 09:00:00,Breezy until evening and partly cloudy throughout the day.
0.88,1016.75,19.21,28.104999999999997,18.11,1490875200,4.5,50.0,2017-03-30 09:00:00,INTERPOLATED
0.92,1016.4,20.21,27.81,19.71,1490961600,4.0,50.0,2017-03-31 09:00:00,Mostly cloudy throughout the day.
0.76,1021.2,19.81,28.21,19.01,1491048000,5.0,50.0,2017-04-01 09:00:00,Mostly cloudy throughout the day and breezy in the afternoon.
0.87,1015.29,18.21,20.51,16.51,1491134400,4.0,20.0,2017-04-02 09:00:00,"Mostly cloudy throughout the day and breezy starting in the afternoon, continuing until evening."
0.96,1016.29,15.41,24.21,14.01,1491220800,5.0,161.0,2017-04-03 09:00:00,Mostly cloudy until afternoon.
0.97,1012.01,15.31,25.62,12.71,1491307200,3.0,50.0,2017-04-04 09:00:00,Mostly cloudy throughout the day.
0.61,1013.8,17.01,25.32,17.01,1491393600,6.0,180.0,2017-04-05 09:00:00,Clear throughout the day.
0.73,1016.71,14.71,27.7,9.72,1491480000,5.0,71.0,2017-04-06 09:00:00,Partly cloudy until afternoon and breezy starting in the afternoon.
0.7,1009.51,16.41,23.21,13.51,1491566400,4.0,20.0,2017-04-07 09:00:00,Breezy until afternoon and mostly cloudy throughout the day.
0.93,1013.2,13.91,18.31,13.51,1491652800,3.0,161.0,2017-04-08 09:00:00,Overcast throughout the day.
0.96,1010.9,17.81,21.22,17.71,1491739200,3.0,110.0,2017-04-09 09:00:00,Overcast throughout the day.
0.96,1005.89,12.01,18.01,12.01,1491825600,3.0,230.0,2017-04-10 09:00:00,Breezy until afternoon and mostly cloudy until evening.
0.78,1017.1,15.51,20.41,12.61,1491912000,4.0,200.0,2017-04-11 09:00:00,Partly cloudy until evening.
0.69,1027.69,11.61,18.51,9.22,1491998400,5.0,110.0,2017-04-12 09:00:00,Partly cloudy overnight.
0.79,1021.49,12.01,22.1,9.01,1492084800,5.0,0.0,2017-04-13 09:00:00,Partly cloudy in the morning.
0.92,1020.41,12.71,23.9,10.01,1492171200,5.0,50.0,2017-04-14 09:00:00,Clear throughout the day.
0.91,1020.09,13.21,22.31,11.51,1492257600,4.0,140.0,2017-04-15 09:00:00,Partly cloudy throughout the day.
0.9,1027.29,14.71,18.61,14.11,1492344000,3.0,140.0,2017-04-16 09:00:00,Mostly cloudy until evening.
0.82,1026.0,11.51,20.61,11.01,1492430400,3.0,140.0,2017-04-17 09:00:00,Partly cloudy throughout the day.
0.85,1022.7,13.51,20.51,11.01,1492516800,3.0,90.0,2017-04-18 09:00:00,Mostly cloudy until evening.
0.96,1015.29,14.61,21.01,13.21,1492603200,3.0,90.0,2017-04-19 09:00:00,Mostly cloudy throughout the day.
0.96,1010.7,14.81,24.21,11.21,1492689600,4.0,270.0,2017-04-20 09:00:00,Mostly cloudy starting in the afternoon.
0.73,1013.5,17.21,21.41,12.21,1492776000,4.0,230.0,2017-04-21 09:00:00,Mostly cloudy in the morning.
0.81,1019.1,8.61,17.21,6.8,1492862400,3.0,50.0,2017-04-22 09:00:00,Mostly cloudy until afternoon.
0.9,1019.3,10.81,24.4,7.51,1492948800,4.0,0.0,2017-04-23 09:00:00,Mostly cloudy starting in the afternoon.
0.93,1013.8,14.81,20.61,14.01,1493035200,3.0,140.0,2017-04-24 09:00:00,Partly cloudy until evening.
0.88,1008.4,14.41,14.41,12.21,1493121600,3.0,161.0,2017-04-25 09:00:00,Mostly cloudy until evening.
0.62,1011.5,9.51,16.21,8.51,1493208000,4.0,270.0,2017-04-26 09:00:00,Clear throughout the day.
0.78,1016.99,11.41,21.52,7.01,1493294400,4.0,270.0,2017-04-27 09:00:00,Clear throughout the day.
0.75,1018.19,13.01,24.81,10.31,1493380800,4.0,320.0,2017-04-28 09:00:00,Clear throughout the day.
0.82,1020.7,12.21,26.4,9.22,1493467200,4.0,0.0,2017-04-29 09:00:00,Clear throughout the day.
0.81,1020.7,12.01,27.1,8.8,1493553600,4.0,0.0,2017-04-30 09:00:00,Clear throughout the day.
0.8,1019.61,13.01,27.0,9.41,1493640000,4.0,0.0,2017-05-01 09:00:00,Breezy in the afternoon.
0.83,1014.99,13.21,24.4,10.01,1493726400,3.0,50.0,2017-05-02 09:00:00,Mostly cloudy throughout the day.
0.93,1020.01,16.61,25.9,16.41,1493812800,4.0,161.0,2017-05-03 09:00:00,Partly cloudy in the morning.
0.91,1016.29,13.61,26.31,12.21,1493899200,4.0,50.0,2017-05-04 09:00:00,Partly cloudy starting in the afternoon.
0.93,1016.09,14.81,27.0,14.01,1493985600,3.0,0.0,2017-05-05 09:00:00,Mostly cloudy throughout the day.
0.89,1014.7,15.41,26.21,15.41,1494072000,2.0,50.0,2017-05-06 09:00:00,"Mostly cloudy throughout the day and breezy starting in the afternoon, continuing until evening."
0.9,1009.51,18.71,24.81,17.81,1494158400,3.0,20.0,2017-05-07 09:00:00,Mostly cloudy throughout the day.
0.97,1012.09,15.41,20.11,14.81,1494244800,2.0,200.0,2017-05-08 09:00:00,Mostly cloudy until afternoon.
0.84,1022.09,11.31,18.91,9.72,1494331200,3.0,180.0,2017-05-09 09:00:00,Partly cloudy throughout the day.
0.84,1026.09,9.81,17.31,9.51,1494417600,3.0,90.0,2017-05-10 09:00:00,Mostly cloudy starting in the afternoon.
0.88,1021.71,9.51,12.21,9.51,1494504000,2.0,90.0,2017-05-11 09:00:00,Overcast throughout the day.
0.95,1013.8,12.11,14.01,11.31,1494590400,2.0,50.0,2017-05-12 09:00:00,Overcast until evening.
0.97,1012.6,13.01,15.41,11.71,1494676800,2.0,200.0,2017-05-13 09:00:00,Overcast throughout the day.
0.89,1014.61,12.21,16.81,12.21,1494763200,2.0,140.0,2017-05-14 09:00:00,Mostly cloudy throughout the day.
0.89,1021.2,12.21,17.01,10.01,1494849600,2.0,200.0,2017-05-15 09:00:00,Clear throughout the day.
0.895,1019.005,11.61,17.810000000000002,9.76,1494936000,2.0,125.0,2017-05-16 09:00:00,INTERPOLATED
0.9,1016.81,11.01,18.61,9.51,1495022400,2.0,50.0,2017-05-17 09:00:00,Mostly cloudy starting in the afternoon.
0.94,1011.5,11.61,15.01,11.61,1495108800,2.0,90.0,2017-05-18 09:00:00,Mostly cloudy throughout the day.
0.96,1004.9,12.11,14.01,11.11,1495195200,2.0,270.0,2017-05-19 09:00:00,Overcast throughout the day.
0.96,1007.5,8.31,11.51,8.01,1495281600,2.0,0.0,2017-05-20 09:00:00,Overcast throughout the day.
0.86,1010.1,10.71,18.61,9.61,1495368000,3.0,0.0,2017-05-21 09:00:00,Mostly cloudy in the morning.
0.83,1015.72,11.01,22.1,8.11,1495454400,3.0,20.0,2017-05-22 09:00:00,Mostly cloudy throughout the day.
0.93,1016.99,11.81,20.51,11.51,1495540800,3.0,110.0,2017-05-23 09:00:00,Partly cloudy starting in the evening.
0.95,1013.5,10.61,19.91,10.01,1495627200,2.0,170.0,2017-05-24 09:00:00,Mostly cloudy until afternoon.
0.97,1011.29,13.21,15.31,12.51,1495713600,2.0,230.0,2017-05-25 09:00:00,Overcast throughout the day.
0.76,1021.41,9.72,16.21,9.22,1495800000,3.0,200.0,2017-05-26 09:00:00,Clear throughout the day.
0.91,1030.73,6.4,13.61,6.01,1495886400,2.0,161.0,2017-05-27 09:00:00,Partly cloudy until evening.
0.85,1026.79,7.2,14.41,6.01,1495972800,2.0,140.0,2017-05-28 09:00:00,Mostly cloudy until evening.
0.97,1026.09,6.21,14.71,5.6,1496059200,2.0,140.0,2017-05-29 09:00:00,Clear throughout the day.
0.91,1027.09,7.01,14.21,2.5,1496145600,2.0,140.0,2017-05-30 09:00:00,Partly cloudy until afternoon.
0.94,1025.51,6.01,14.61,5.52,1496232000,3.0,140.0,2017-05-31 09:00:00,Clear throughout the day.
0.96,1021.71,2.4,15.21,1.22,1496318400,2.0,270.0,2017-06-01 09:00:00,Clear throughout the day.
0.93,1020.5,3.21,17.51,2.5,1496404800,2.0,135.0,2017-06-02 09:00:00,"Partly cloudy starting in the afternoon, continuing until evening."
0.95,1012.51,8.91,17.91,5.01,1496491200,2.0,0.0,2017-06-03 09:00:00,Partly cloudy until afternoon.
0.97,1015.82,6.8,17.11,2.5,1496577600,2.0,290.0,2017-06-04 09:00:00,Partly cloudy starting in the evening.
0.71,1021.92,5.71,12.21,3.62,1496664000,2.0,305.0,2017-06-05 09:00:00,Mostly cloudy throughout the day.
0.91,1019.49,2.01,15.81,1.0,1496750400,2.0,320.0,2017-06-06 09:00:00,Partly cloudy in the morning.
0.89,1012.4,4.02,16.11,3.21,1496836800,2.0,50.0,2017-06-07 09:00:00,Mostly cloudy throughout the day.
0.71,1012.51,8.8,11.41,7.81,1496923200,2.0,251.0,2017-06-08 09:00:00,Mostly cloudy until evening.
0.7,1016.88,6.21,17.01,2.5,1497009600,2.0,270.0,2017-06-09 09:00:00,Partly cloudy until evening and breezy in the afternoon.
0.73,1014.11,8.8,21.41,8.61,1497096000,2.0,290.0,2017-06-10 09:00:00,Clear throughout the day.
0.75,1015.52,10.01,15.61,4.5,1497182400,2.0,180.0,2017-06-11 09:00:00,Partly cloudy until afternoon.
0.97,1019.42,-0.7,14.41,-1.99,1497268800,2.0,0.0,2017-06-12 09:00:00,Mostly cloudy until evening.
0.97,1018.12,2.81,19.31,1.71,1497355200,2.0,50.0,2017-06-13 09:00:00,Mostly cloudy throughout the day.
0.97,1020.78,6.01,19.41,6.01,1497441600,2.0,90.0,2017-06-14 09:00:00,Partly cloudy until evening.
0.94,1013.29,14.21,19.61,10.21,1497528000,2.0,50.0,2017-06-15 09:00:00,Overcast throughout the day and breezy starting in the afternoon.
0.92,1003.9,19.31,22.42,19.31,1497614400,2.0,20.0,2017-06-16 09:00:00,Mostly cloudy throughout the day and breezy until afternoon.
0.95,1000.3,18.21,19.21,9.22,1497700800,2.0,320.0,2017-06-17 09:00:00,"Mostly cloudy until afternoon and breezy starting in the afternoon, continuing until evening."
0.66,1019.61,4.61,9.51,4.61,1497787200,2.0,270.0,2017-06-18 09:00:00,Breezy in the morning.
0.98,1027.59,-3.81,11.51,-3.81,1497873600,2.0,320.0,2017-06-19 09:00:00,Clear throughout the day.
0.98,1027.09,-0.18,13.01,-0.18,1497960000,2.0,71.0,2017-06-20 09:00:00,Mostly cloudy throughout the day.
0.87,1020.21,5.01,15.21,5.01,1498046400,2.0,50.0,2017-06-21 09:00:00,Mostly cloudy until evening and breezy overnight.
0.93,1008.6,11.11,20.61,9.61,1498132800,2.0,20.0,2017-06-22 09:00:00,Mostly cloudy throughout the day and breezy in the afternoon.
0.89,1009.51,15.61,23.6,14.71,1498219200,2.0,50.0,2017-06-23 09:00:00,Mostly cloudy throughout the day.
0.97,1014.61,12.61,24.0,12.51,1498305600,2.0,90.0,2017-06-24 09:00:00,Mostly cloudy throughout the day.
0.83,1012.8,19.21,25.32,17.51,1498392000,2.0,20.0,2017-06-25 09:00:00,"Mostly cloudy throughout the day and breezy starting in the afternoon, continuing until evening."
0.885,1013.105,16.560000000000002,22.165,14.31,1498478400,2.0,125.0,2017-06-26 09:00:00,INTERPOLATED
0.94,1013.41,13.91,19.01,11.11,1498564800,2.0,230.0,2017-06-27 09:00:00,Overcast throughout the day.
0.96,1023.01,8.31,10.51,7.01,1498651200,2.0,230.0,2017-06-28 09:00:00,Mostly cloudy throughout the day.
0.93,1020.62,8.51,15.81,3.11,1498737600,2.0,341.0,2017-06-29 09:00:00,Mostly cloudy until afternoon.
0.925,1024.105,6.605,17.21,3.8600000000000003,1498824000,2.0,180.5,2017-06-30 09:00:00,INTERPOLATED
0.92,1027.59,4.7,18.61,4.61,1498910400,2.0,20.0,2017-07-01 09:00:00,Clear throughout the day.
0.96,1027.59,7.81,19.51,5.81,1498996800,2.0,50.0,2017-07-02 09:00:00,Breezy starting in the afternoon.
0.91,1024.01,7.61,20.51,7.61,1499083200,2.0,50.0,2017-07-03 09:00:00,Breezy starting in the afternoon.
0.89,1018.72,11.51,20.8,11.51,1499169600,2.0,50.0,2017-07-04 09:00:00,Breezy throughout the day and mostly cloudy starting in the evening.
0.85,1014.8,13.11,14.21,10.01,1499256000,2.0,0.0,2017-07-05 09:00:00,Mostly cloudy until evening and breezy in the afternoon.
0.92,1023.01,9.32,10.01,5.71,1499342400,2.0,90.0,2017-07-06 09:00:00,Mostly cloudy throughout the day.
0.97,1025.32,7.81,10.71,7.2,1499428800,2.0,140.0,2017-07-07 09:00:00,Overcast throughout the day.
0.93,1019.3,9.72,11.11,9.72,1499515200,2.0,270.0,2017-07-08 09:00:00,Overcast throughout the day.
0.96,1020.62,8.91,12.01,8.91,1499601600,2.0,0.0,2017-07-09 09:00:00,Overcast throughout the day.
0.88,1024.89,9.72,13.81,8.8,1499688000,2.0,161.0,2017-07-10 09:00:00,Mostly cloudy until evening.
0.93,1027.09,4.5,13.41,4.5,1499774400,2.0,90.0,2017-07-11 09:00:00,Mostly cloudy starting in the afternoon.
0.97,1017.89,11.41,17.01,10.11,1499860800,2.0,20.0,2017-07-12 09:00:00,Overcast throughout the day.
0.98,1009.7,15.11,18.81,12.21,1499947200,2.0,71.0,2017-07-13 09:00:00,Mostly cloudy until evening.
0.76,1015.92,10.51,12.41,9.61,1500033600,2.0,140.0,2017-07-14 09:00:00,Mostly cloudy throughout the day.
0.97,1003.3,11.61,11.71,7.51,1500120000,2.0,230.0,2017-07-15 09:00:00,Overcast until afternoon and breezy overnight.
0.86,1025.42,2.5,8.21,2.5,1500206400,2.0,230.0,2017-07-16 09:00:00,Partly cloudy until afternoon.
0.76,1031.68,-1.51,10.01,-1.7,1500292800,3.0,270.0,2017-07-17 09:00:00,Clear throughout the day.
0.92,1028.52,0.02,16.21,-0.18,1500379200,3.0,320.0,2017-07-18 09:00:00,Clear throughout the day.
0.82,1022.09,1.9,16.51,1.9,1500465600,3.0,341.0,2017-07-19 09:00:00,Mostly cloudy starting in the afternoon.
0.79,1017.2,2.22,18.01,1.52,1500552000,2.0,341.0,2017-07-20 09:00:00,Mostly cloudy until evening.
0.86,1021.79,5.71,18.21,5.6,1500638400,3.0,140.0,2017-07-21 09:00:00,Clear throughout the day.
0.97,1016.81,4.21,19.31,4.21,1500724800,2.0,50.0,2017-07-22 09:00:00,Mostly cloudy until evening and breezy in the afternoon.
0.94,1012.29,7.42,15.81,6.21,1500811200,2.0,140.0,2017-07-23 09:00:00,Mostly cloudy throughout the day.
0.91,1019.1,8.42,14.51,8.42,1500897600,2.0,140.0,2017-07-24 09:00:00,Mostly cloudy until afternoon.
0.85,1024.28,7.01,15.51,6.01,1500984000,2.0,140.0,2017-07-25 09:00:00,Mostly cloudy throughout the day.
0.97,1020.7,11.61,15.11,11.21,1501070400,2.0,161.0,2017-07-26 09:00:00,Overcast throughout the day.
0.98,1017.6,14.81,24.11,14.01,1501156800,2.0,50.0,2017-07-27 09:00:00,Mostly cloudy starting in the afternoon.
0.82,1012.4,15.31,25.21,15.31,1501243200,2.0,20.0,2017-07-28 09:00:00,Mostly cloudy throughout the day and breezy in the afternoon.
0.79,1015.29,16.41,19.11,13.81,1501329600,2.0,161.0,2017-07-29 09:00:00,Overcast throughout the day.
0.88,1026.69,7.61,12.71,7.2,1501416000,2.0,161.0,2017-07-30 09:00:00,Overcast throughout the day.
0.93,1025.51,7.51,11.21,7.2,1501502400,2.0,140.0,2017-07-31 09:00:00,Overcast throughout the day.
0.96,1019.61,10.21,13.01,10.11,1501588800,2.0,161.0,2017-08-01 09:00:00,Mostly cloudy throughout the day.
0.83,1024.28,9.01,15.01,5.91,1501675200,3.0,200.0,2017-08-02 09:00:00,Mostly cloudy in the morning.
0.89,1023.69,2.01,18.01,2.01,1501761600,3.0,0.0,2017-08-03 09:00:00,Partly cloudy starting in the afternoon.
0.95,1025.9,3.62,18.41,3.49,1501848000,3.0,71.0,2017-08-04 09:00:00,Clear throughout the day.
0.94,1020.62,7.2,20.01,7.01,1501934400,3.0,71.0,2017-08-05 09:00:00,"Partly cloudy until afternoon and breezy starting in the afternoon, continuing until evening."
0.97,1016.71,9.72,21.81,8.21,1502020800,3.0,71.0,2017-08-06 09:00:00,Mostly cloudy throughout the day.
0.92,1013.0,13.41,21.81,12.71,1502107200,3.0,71.0,2017-08-07 09:00:00,Mostly cloudy throughout the day.
0.92,1016.4449999999999,11.86,18.81,10.565000000000001,1502193600,2.5,71.0,2017-08-08 09:00:00,INTERPOLATED
0.92,1019.89,10.31,15.81,8.42,1502280000,2.0,71.0,2017-08-09 09:00:00,Mostly cloudy throughout the day and breezy in the afternoon.
0.87,1016.4,11.81,14.51,11.61,1502366400,3.0,50.0,2017-08-10 09:00:00,Breezy in the morning and overcast throughout the day.
0.97,1008.51,14.41,15.51,13.51,1502452800,3.0,180.0,2017-08-11 09:00:00,Overcast throughout the day.
0.87,1012.21,10.21,15.51,9.51,1502539200,3.0,200.0,2017-08-12 09:00:00,Mostly cloudy until evening and breezy in the afternoon.
0.88,1017.6,3.71,17.61,2.5,1502625600,4.0,341.0,2017-08-13 09:00:00,Mostly cloudy starting in the evening.
0.75,1015.52,8.21,17.61,6.71,1502712000,4.0,270.0,2017-08-14 09:00:00,"Partly cloudy starting in the afternoon, continuing until evening."
0.8049999999999999,1020.515,6.455,17.509999999999998,4.605,1502798400,4.0,250.0,2017-08-15 09:00:00,INTERPOLATED
0.86,1025.51,4.7,17.41,2.5,1502884800,4.0,230.0,2017-08-16 09:00:00,Clear throughout the day.
0.7,1016.88,8.61,21.52,5.52,1502971200,4.0,320.0,2017-08-17 09:00:00,Partly cloudy until evening.
0.86,1008.3,10.41,24.21,10.41,1503057600,3.0,0.0,2017-08-18 09:00:00,Mostly cloudy throughout the day and windy in the afternoon.
0.56,1012.71,13.41,17.51,9.22,1503144000,3.0,230.0,2017-08-19 09:00:00,Mostly cloudy until afternoon.
0.645,1020.0,9.86,18.26,6.115,1503230400,3.5,115.0,2017-08-20 09:00:00,INTERPOLATED
0.73,1027.29,6.31,19.01,3.01,1503316800,4.0,0.0,2017-08-21 09:00:00,"Breezy starting in the afternoon, continuing until evening."
0.62,1013.5,9.32,18.11,9.01,1503403200,3.0,20.0,2017-08-22 09:00:00,Windy until afternoon and mostly cloudy throughout the day.
0.9,1011.29,11.01,18.81,11.01,1503489600,3.0,90.0,2017-08-23 09:00:00,Mostly cloudy throughout the day.
0.94,1007.8,13.11,22.51,12.21,1503576000,3.0,200.0,2017-08-24 09:00:00,Overcast throughout the day.
0.97,1009.79,16.71,18.01,15.01,1503662400,3.0,140.0,2017-08-25 09:00:00,Mostly cloudy throughout the day.
0.69,1017.71,11.41,19.51,11.41,1503748800,5.0,180.0,2017-08-26 09:00:00,Overcast starting in the evening.
0.97,1015.72,13.61,18.71,13.61,1503835200,3.0,71.0,2017-08-27 09:00:00,Overcast throughout the day.
0.95,1011.21,16.71,21.22,15.61,1503921600,3.0,50.0,2017-08-28 09:00:00,Overcast throughout the day.
0.99,1010.1,14.21,19.21,9.91,1504008000,3.0,200.0,2017-08-29 09:00:00,Overcast until evening and breezy in the afternoon.
0.94,1025.08,6.4,15.41,5.01,1504094400,5.0,230.0,2017-08-30 09:00:00,Clear throughout the day.
0.84,1024.1,8.21,18.41,3.01,1504180800,5.0,50.0,2017-08-31 09:00:00,"Breezy starting in the afternoon, continuing until evening, and mostly cloudy starting in the evening."
0.92,1015.19,10.41,23.9,9.72,1504267200,3.0,71.0,2017-09-01 09:00:00,Mostly cloudy until evening.
0.91,1013.41,16.71,20.31,14.11,1504353600,3.0,140.0,2017-09-02 09:00:00,Overcast throughout the day.
0.95,1011.9,11.01,15.71,10.21,1504440000,3.0,161.0,2017-09-03 09:00:00,Mostly cloudy throughout the day.
0.75,1023.28,7.81,16.21,7.81,1504526400,5.0,180.0,2017-09-04 09:00:00,Partly cloudy until afternoon.
0.86,1028.11,7.61,17.01,3.49,1504612800,5.0,50.0,2017-09-05 09:00:00,Partly cloudy starting in the afternoon.
0.87,1020.41,9.22,19.21,6.4,1504699200,4.0,50.0,2017-09-06 09:00:00,Mostly cloudy throughout the day.
0.84,1020.01,9.11,20.01,6.31,1504785600,6.0,90.0,2017-09-07 09:00:00,Partly cloudy in the morning.
0.97,1015.09,10.41,15.01,9.41,1504872000,3.0,71.0,2017-09-08 09:00:00,Mostly cloudy starting in the afternoon.
0.97,1012.8,13.41,16.61,12.71,1504958400,4.0,140.0,2017-09-09 09:00:00,Overcast throughout the day.
0.95,1004.0,17.21,17.21,11.71,1505044800,4.0,90.0,2017-09-10 09:00:00,Overcast throughout the day and windy overnight.
0.58,1012.21,10.51,16.01,7.71,1505131200,6.0,251.0,2017-09-11 09:00:00,Partly cloudy in the evening.
0.85,1024.7,10.41,19.21,4.11,1505217600,6.0,270.0,2017-09-12 09:00:00,Clear throughout the day.
0.84,1019.3,11.01,19.31,7.71,1505304000,5.0,50.0,2017-09-13 09:00:00,Mostly cloudy throughout the day.
0.77,1013.2,14.11,20.11,10.51,1505390400,6.0,200.0,2017-09-14 09:00:00,Clear throughout the day.
0.8,1030.51,9.51,15.01,6.21,1505476800,6.0,161.0,2017-09-15 09:00:00,"Mostly cloudy starting in the afternoon, continuing until evening."
0.8,1031.62,10.01,18.21,3.71,1505563200,6.0,50.0,2017-09-16 09:00:00,Clear throughout the day.
0.89,1027.19,11.71,21.62,5.6,1505649600,6.0,20.0,2017-09-17 09:00:00,Clear throughout the day.
0.79,1021.79,13.41,24.21,7.2,1505736000,7.0,0.0,2017-09-18 09:00:00,"Breezy starting in the afternoon, continuing until evening."
0.75,1016.88,15.71,25.71,10.51,1505822400,7.0,0.0,2017-09-19 09:00:00,"Windy starting in the afternoon, continuing until evening."
0.88,1010.8,18.21,21.01,14.71,1505908800,4.0,50.0,2017-09-20 09:00:00,Mostly cloudy throughout the day.
0.95,1023.82,11.01,14.21,8.71,1505995200,4.0,180.0,2017-09-21 09:00:00,Mostly cloudy until evening.
0.87,1022.79,9.41,18.21,2.61,1506081600,7.0,200.0,2017-09-22 09:00:00,Clear throughout the day.
0.82,1024.28,12.31,21.81,5.71,1506168000,7.0,341.0,2017-09-23 09:00:00,Clear throughout the day.
0.7999999999999999,1023.02,11.876666666666667,20.71,6.343333333333334,1506254400,6.0,274.0,2017-09-24 09:00:00,INTERPOLATED
0.78,1021.76,11.443333333333333,19.61,6.976666666666667,1506340800,5.0,207.0,2017-09-25 09:00:00,INTERPOLATED
0.76,1020.5,11.01,18.51,7.61,1506427200,4.0,140.0,2017-09-26 09:00:00,"Overcast throughout the day and breezy starting in the afternoon, continuing until evening."
0.72,1024.1,9.11,15.21,7.2,1506513600,7.0,161.0,2017-09-27 09:00:00,Mostly cloudy in the morning.
0.89,1026.49,10.11,17.01,7.01,1506600000,4.0,90.0,2017-09-28 09:00:00,Mostly cloudy throughout the day.
0.92,1020.5,12.71,17.41,12.21,1506686400,4.0,20.0,2017-09-29 09:00:00,Overcast throughout the day.
0.91,1006.7,15.61,20.51,14.31,1506772800,4.0,20.0,2017-09-30 09:00:00,Overcast throughout the day.
0.83,1003.0,13.91,18.01,13.71,1506859200,5.0,230.0,2017-10-01 09:00:00,Mostly cloudy throughout the day.
0.72,1006.8,11.31,18.21,9.72,1506945600,7.0,251.0,2017-10-02 09:00:00,Mostly cloudy starting in the afternoon.
0.54,1010.4,16.41,19.21,12.21,1507032000,5.0,230.0,2017-10-03 09:00:00,Mostly cloudy throughout the day.
0.49,1000.81,19.81,24.61,15.01,1507118400,4.0,0.0,2017-10-04 09:00:00,Mostly cloudy throughout the day and breezy until afternoon.
0.68,1004.39,15.01,22.31,12.31,1507204800,8.0,180.0,2017-10-05 09:00:00,Partly cloudy in the morning.
0.46,1019.81,16.31,20.8,9.22,1507291200,7.0,180.0,2017-10-06 09:00:00,"Partly cloudy starting in the afternoon, continuing until evening."
0.67,1024.01,13.31,21.41,7.51,1507377600,6.0,50.0,2017-10-07 09:00:00,Partly cloudy throughout the day.
0.78,1013.8,14.31,18.01,10.71,1507464000,6.0,50.0,2017-10-08 09:00:00,Mostly cloudy throughout the day.
0.84,1013.29,13.61,21.71,11.11,1507550400,8.0,230.0,2017-10-09 09:00:00,Clear throughout the day.
0.57,1016.5,13.21,19.31,12.51,1507636800,4.0,50.0,2017-10-10 09:00:00,Mostly cloudy throughout the day.
0.8,1019.61,14.21,18.71,10.71,1507723200,8.0,110.0,2017-10-11 09:00:00,Mostly cloudy throughout the day.
0.9,1022.48,10.01,13.71,10.01,1507809600,4.0,140.0,2017-10-12 09:00:00,Overcast throughout the day.
0.62,1024.1,12.01,16.01,10.01,1507896000,6.0,180.0,2017-10-13 09:00:00,Mostly cloudy until evening.
0.66,1021.71,13.91,23.21,4.7,1507982400,9.0,320.0,2017-10-14 09:00:00,Clear throughout the day.
0.54,1020.5,17.81,25.5,8.71,1508068800,9.0,0.0,2017-10-15 09:00:00,"Breezy starting in the afternoon, continuing until evening."
0.63,1014.2,17.71,25.62,9.22,1508155200,8.0,20.0,2017-10-16 09:00:00,"Partly cloudy starting in the afternoon, continuing until evening."
0.86,1011.9,18.41,29.22,14.91,1508241600,6.0,50.0,2017-10-17 09:00:00,Mostly cloudy until afternoon.
0.97,1006.8,18.31,26.21,16.31,1508328000,4.0,50.0,2017-10-18 09:00:00,Overcast until evening.
0.58,1019.22,13.41,20.21,10.01,1508414400,9.0,230.0,2017-10-19 09:00:00,Clear throughout the day.
0.67,1012.4,14.61,23.41,9.01,1508500800,5.0,0.0,2017-10-20 09:00:00,Mostly cloudy throughout the day.
0.66,1018.49,13.01,19.31,10.71,1508587200,9.0,140.0,2017-10-21 09:00:00,Clear throughout the day.
0.75,1026.39,10.71,17.51,6.61,1508673600,9.0,180.0,2017-10-22 09:00:00,Partly cloudy in the evening.
0.7,1018.91,12.61,22.82,8.21,1508760000,7.0,20.0,2017-10-23 09:00:00,Mostly cloudy throughout the day and breezy in the afternoon.
0.65,1015.29,16.51,25.41,10.61,1508846400,5.0,20.0,2017-10-24 09:00:00,Mostly cloudy throughout the day.
0.76,1013.29,18.21,27.21,12.21,1508932800,7.0,71.0,2017-10-25 09:00:00,Partly cloudy starting in the afternoon.
0.79,1010.5,19.21,27.31,13.01,1509019200,5.0,90.0,2017-10-26 09:00:00,Mostly cloudy throughout the day.
0.75,1012.71,16.51,21.01,13.21,1509105600,7.0,161.0,2017-10-27 09:00:00,Partly cloudy until evening.
0.85,1010.7,15.61,23.8,11.11,1509192000,8.0,50.0,2017-10-28 09:00:00,Partly cloudy throughout the day.
0.9,1008.79,17.01,25.01,14.21,1509278400,5.0,71.0,2017-10-29 09:00:00,Mostly cloudy throughout the day.
0.81,1014.61,14.61,21.52,11.61,1509364800,8.0,230.0,2017-10-30 09:00:00,Mostly cloudy until afternoon.
0.49,1017.89,18.81,25.9,9.01,1509451200,8.0,0.0,2017-10-31 09:00:00,Mostly cloudy throughout the day.
0.62,1015.09,16.81,23.31,14.51,1509537600,5.0,0.0,2017-11-01 09:00:00,Mostly cloudy throughout the day.
0.9,1010.3,15.61,21.22,15.61,1509624000,5.0,71.0,2017-11-02 09:00:00,Mostly cloudy throughout the day.
0.79,1011.5,16.41,21.22,14.01,1509710400,7.0,200.0,2017-11-03 09:00:00,Mostly cloudy throughout the day.
0.6799999999999999,1014.44,17.86,23.619999999999997,12.76,1509796800,7.0,110.0,2017-11-04 09:00:00,INTERPOLATED
0.57,1017.38,19.31,26.02,11.51,1509883200,7.0,20.0,2017-11-05 09:00:00,Partly cloudy until evening.
0.69,1016.335,18.509999999999998,22.515,14.36,1509969600,6.0,10.0,2017-11-06 09:00:00,INTERPOLATED
0.81,1015.29,17.71,19.01,17.21,1510056000,5.0,0.0,2017-11-07 09:00:00,Overcast throughout the day.
0.9,1010.01,18.31,22.21,16.01,1510142400,5.0,270.0,2017-11-08 09:00:00,Mostly cloudy until evening.
0.6,1013.5,19.01,26.02,11.21,1510228800,8.0,230.0,2017-11-09 09:00:00,Partly cloudy starting in the afternoon.
0.62,1012.91,19.81,26.5,15.61,1510315200,10.0,251.0,2017-11-10 09:00:00,Clear throughout the day.
0.4,1015.42,17.61,25.01,12.01,1510401600,11.0,180.0,2017-11-11 09:00:00,Clear throughout the day.
0.38,1012.29,21.41,30.4,10.51,1510488000,11.0,320.0,2017-11-12 09:00:00,Clear throughout the day.
0.45,1011.9,23.9,33.99,15.51,1510574400,9.0,20.0,2017-11-13 09:00:00,Clear throughout the day.
0.4,1008.51,26.02,34.11,17.71,1510660800,11.0,0.0,2017-11-14 09:00:00,Clear throughout the day.
0.59,1000.1,26.02,30.01,18.21,1510747200,8.0,290.0,2017-11-15 09:00:00,Partly cloudy until evening.
0.65,1017.2,14.21,23.6,6.71,1510833600,11.0,270.0,2017-11-16 09:00:00,Clear throughout the day.
0.5,1007.31,18.71,24.11,11.51,1510920000,7.0,290.0,2017-11-17 09:00:00,Partly cloudy until afternoon.
0.57,1015.19,14.01,19.61,7.01,1511006400,10.0,230.0,2017-11-18 09:00:00,Clear throughout the day.
0.41,1007.6,20.01,23.8,9.22,1511092800,11.0,270.0,2017-11-19 09:00:00,Clear throughout the day.
0.79,1013.29,12.01,18.51,11.51,1511179200,5.0,0.0,2017-11-20 09:00:00,Mostly cloudy throughout the day.
0.5,1018.8,15.21,22.71,10.01,1511265600,11.0,71.0,2017-11-21 09:00:00,Clear throughout the day.
0.54,1013.5,18.21,28.02,10.21,1511352000,11.0,0.0,2017-11-22 09:00:00,Clear throughout the day.
0.5,1005.21,22.42,29.02,16.21,1511438400,7.0,270.0,2017-11-23 09:00:00,Mostly cloudy until evening.
0.62,1019.22,10.91,21.41,6.52,1511524800,6.0,140.0,2017-11-24 09:00:00,Mostly cloudy until evening.
0.44,1018.3,16.81,27.1,6.01,1511611200,11.0,0.0,2017-11-25 09:00:00,Clear throughout the day.
0.375,1017.895,17.61,25.05,11.010000000000002,1511697600,10.0,80.5,2017-11-26 09:00:00,INTERPOLATED
0.31,1017.49,18.41,23.0,16.01,1511784000,9.0,161.0,2017-11-27 09:00:00,Partly cloudy until evening.
0.61,1022.7,14.21,26.02,8.01,1511870400,11.0,50.0,2017-11-28 09:00:00,Partly cloudy starting in the evening.
0.59,1014.61,20.11,29.62,15.21,1511956800,7.0,50.0,2017-11-29 09:00:00,Mostly cloudy throughout the day.
0.6,1012.4,22.42,31.82,17.71,1512043200,11.0,50.0,2017-11-30 09:00:00,Partly cloudy starting in the afternoon.
0.64,1012.6,22.1,30.09,16.61,1512129600,9.0,50.0,2017-12-01 09:00:00,Mostly cloudy starting in the afternoon.
0.68,1012.6,22.61,28.82,18.11,1512216000,5.0,71.0,2017-12-02 09:00:00,Overcast throughout the day.
0.88,1013.41,19.51,23.12,18.01,1512302400,6.0,161.0,2017-12-03 09:00:00,Mostly cloudy throughout the day.
0.85,1020.78,15.61,24.81,14.71,1512388800,6.0,140.0,2017-12-04 09:00:00,Mostly cloudy until evening.
0.765,1016.745,19.16,27.56,15.41,1512475200,7.0,80.0,2017-12-05 09:00:00,INTERPOLATED
0.68,1012.71,22.71,30.31,16.11,1512561600,8.0,20.0,2017-12-06 09:00:00,Partly cloudy until evening.
0.61,1011.21,22.91,33.5,16.01,1512648000,11.0,110.0,2017-12-07 09:00:00,Clear throughout the day.
0.53,1008.11,23.7,30.62,20.21,1512734400,6.0,270.0,2017-12-08 09:00:00,Mostly cloudy until afternoon.
0.61,1008.51,26.02,34.11,17.21,1512820800,10.0,290.0,2017-12-09 09:00:00,Clear throughout the day.
0.51,1007.9,22.51,30.22,12.61,1512907200,10.0,270.0,2017-12-10 09:00:00,Clear throughout the day.
0.51,1010.0550000000001,21.71,31.215,12.41,1512993600,9.0,145.0,2017-12-11 09:00:00,INTERPOLATED
0.51,1012.21,20.91,32.21,12.21,1513080000,8.0,20.0,2017-12-12 09:00:00,Partly cloudy throughout the day.
0.53,1009.91,24.32,27.21,17.21,1513166400,5.0,20.0,2017-12-13 09:00:00,Mostly cloudy until evening.
0.79,1013.59,21.62,32.01,15.01,1513252800,10.0,270.0,2017-12-14 09:00:00,Partly cloudy in the evening.
0.5,1010.9,26.02,34.61,16.11,1513339200,11.0,0.0,2017-12-15 09:00:00,Clear throughout the day.
0.51,1002.4,29.22,33.71,20.51,1513425600,7.0,0.0,2017-12-16 09:00:00,Windy until evening and overcast starting in the evening.
0.56,1014.7,17.91,25.12,15.21,1513512000,9.0,161.0,2017-12-17 09:00:00,Mostly cloudy until afternoon.
0.46,1022.48,18.31,23.9,10.21,1513598400,10.0,50.0,2017-12-18 09:00:00,Partly cloudy starting in the evening.
0.98,1019.89,14.81,20.21,14.21,1513684800,5.0,50.0,2017-12-19 09:00:00,Overcast until evening.
0.72,1012.21,21.62,29.62,14.01,1513771200,9.0,50.0,2017-12-20 09:00:00,Mostly cloudy until afternoon.
0.7,1006.6,24.21,28.62,21.22,1513857600,5.0,320.0,2017-12-21 09:00:00,Mostly cloudy until evening.
0.68,1008.11,25.81,33.02,18.11,1513944000,11.0,0.0,2017-12-22 09:00:00,Mostly cloudy starting in the evening.
0.84,1011.61,20.91,24.11,18.91,1514030400,6.0,161.0,2017-12-23 09:00:00,Mostly cloudy until afternoon.
0.63,1017.78,18.21,25.5,12.01,1514116800,10.0,20.0,2017-12-24 09:00:00,Clear throughout the day.
0.54,1011.21,23.12,31.72,14.11,1514203200,11.0,0.0,2017-12-25 09:00:00,Clear throughout the day.
0.6,1009.31,24.7,31.21,19.21,1514289600,9.0,0.0,2017-12-26 09:00:00,Mostly cloudy starting in the afternoon.
0.83,1015.19,20.8,30.22,19.21,1514376000,7.0,140.0,2017-12-27 09:00:00,Mostly cloudy until evening.
0.66,1013.09,25.62,34.5,18.21,1514462400,11.0,20.0,2017-12-28 09:00:00,Clear throughout the day.
0.64,1009.7,27.1,35.01,21.01,1514548800,10.0,320.0,2017-12-29 09:00:00,Clear throughout the day.
0.61,1006.2,27.31,34.83,19.71,1514635200,11.0,320.0,2017-12-30 09:00:00,Mostly cloudy starting in the afternoon.
0.53,1012.8,16.61,24.4,16.21,1514721600,6.0,90.0,2017-12-31 09:00:00,Mostly cloudy throughout the day.
0.72,1012.29,16.81,28.51,14.21,1514808000,9.0,140.0,2018-01-01 09:00:00,Mostly cloudy until afternoon.
0.62,1007.7,22.21,29.51,13.51,1514894400,7.0,270.0,2018-01-02 09:00:00,"Partly cloudy starting in the afternoon, continuing until evening."
0.46,1007.6,23.7,32.21,13.61,1514980800,10.0,230.0,2018-01-03 09:00:00,Partly cloudy starting in the afternoon.
0.61,1003.8,25.12,35.12,18.11,1515067200,9.0,341.0,2018-01-04 09:00:00,Partly cloudy throughout the day.
0.95,1009.91,16.61,25.71,16.61,1515153600,5.0,90.0,2018-01-05 09:00:00,Mostly cloudy until evening.
0.58,1018.8,19.21,27.31,13.71,1515240000,11.0,50.0,2018-01-06 09:00:00,Partly cloudy in the evening.
0.58,1017.2,21.41,31.02,13.51,1515326400,11.0,0.0,2018-01-07 09:00:00,Clear throughout the day.
0.56,1018.12,25.41,32.41,17.51,1515412800,11.0,0.0,2018-01-08 09:00:00,Clear throughout the day.
0.51,1017.71,23.5,32.61,16.71,1515499200,10.0,50.0,2018-01-09 09:00:00,Clear throughout the day.
0.68,1014.99,25.9,34.5,19.21,1515585600,9.0,20.0,2018-01-10 09:00:00,Partly cloudy in the afternoon.
0.62,1012.91,28.4,35.8,21.71,1515672000,10.0,20.0,2018-01-11 09:00:00,Mostly cloudy starting in the afternoon.
0.78,1010.7,21.52,32.01,21.52,1515758400,7.0,290.0,2018-01-12 09:00:00,Mostly cloudy until evening.
0.9,1008.11,21.01,25.21,20.51,1515844800,5.0,180.0,2018-01-13 09:00:00,Overcast throughout the day.
0.73,1013.2,16.41,23.21,15.71,1515931200,7.0,180.0,2018-01-14 09:00:00,Mostly cloudy until evening.
0.68,1014.11,18.21,26.7,13.21,1516017600,11.0,90.0,2018-01-15 09:00:00,Clear throughout the day.
0.87,1016.5,20.21,28.62,16.61,1516104000,7.0,50.0,2018-01-16 09:00:00,Mostly cloudy until evening.
0.94,1015.19,18.41,25.62,18.41,1516190400,5.0,290.0,2018-01-17 09:00:00,Mostly cloudy until evening.
0.76,1013.89,22.42,31.21,15.21,1516276800,10.0,270.0,2018-01-18 09:00:00,Clear throughout the day.
0.68,1014.99,22.02,31.72,19.01,1516363200,9.0,50.0,2018-01-19 09:00:00,Mostly cloudy until afternoon.
0.55,1013.29,26.02,32.71,19.21,1516449600,9.0,50.0,2018-01-20 09:00:00,Partly cloudy until evening.
0.64,1009.1,26.02,32.61,17.01,1516536000,8.0,200.0,2018-01-21 09:00:00,Partly cloudy in the afternoon.
0.64,1005.1,25.32,32.11,18.21,1516622400,10.0,0.0,2018-01-22 09:00:00,"Partly cloudy starting in the afternoon, continuing until evening."
0.74,1002.9,25.21,33.22,19.01,1516708800,8.0,0.0,2018-01-23 09:00:00,Partly cloudy until evening.
0.62,1015.99,18.41,24.0,16.01,1516795200,5.0,230.0,2018-01-24 09:00:00,Mostly cloudy until evening.
0.65,1020.29,15.71,25.5,12.21,1516881600,9.0,90.0,2018-01-25 09:00:00,Mostly cloudy starting in the afternoon.
0.64,1014.39,22.21,30.01,17.51,1516968000,8.0,20.0,2018-01-26 09:00:00,Breezy until afternoon and mostly cloudy throughout the day.
0.86,1008.7,20.01,27.7,18.51,1517054400,6.0,20.0,2018-01-27 09:00:00,Mostly cloudy until afternoon.
0.64,1011.61,22.61,31.4,16.01,1517140800,10.0,251.0,2018-01-28 09:00:00,Clear throughout the day.
0.7,1013.5,19.41,30.4,13.61,1517227200,10.0,20.0,2018-01-29 09:00:00,Clear throughout the day.
0.55,1008.79,22.82,32.21,16.01,1517313600,9.0,0.0,2018-01-30 09:00:00,Breezy in the morning and partly cloudy starting in the afternoon.
0.68,1013.2,23.6,33.4,20.51,1517400000,8.0,50.0,2018-01-31 09:00:00,Partly cloudy until evening.
0.67,1013.71,25.01,33.22,19.21,1517486400,10.0,50.0,2018-02-01 09:00:00,Clear throughout the day.
0.66,1013.59,26.02,34.32,18.21,1517572800,10.0,140.0,2018-02-02 09:00:00,Clear throughout the day.
0.69,1013.29,20.51,31.4,16.71,1517659200,10.0,71.0,2018-02-03 09:00:00,Clear throughout the day.
0.75,1013.29,22.61,33.02,17.11,1517745600,9.0,71.0,2018-02-04 09:00:00,Clear throughout the day.
0.71,1011.71,23.9,34.5,19.01,1517832000,10.0,20.0,2018-02-05 09:00:00,Clear throughout the day.
0.62,1009.4,25.71,34.5,19.21,1517918400,8.0,0.0,2018-02-06 09:00:00,Partly cloudy until afternoon.
0.7,1008.19,24.51,34.43,18.51,1518004800,7.0,20.0,2018-02-07 09:00:00,Partly cloudy until evening.
0.67,1005.3,26.02,35.42,18.01,1518091200,8.0,110.0,2018-02-08 09:00:00,Partly cloudy starting in the evening.
0.97,1003.6,19.21,27.81,19.21,1518177600,6.0,200.0,2018-02-09 09:00:00,Windy and foggy in the morning.
0.74,1013.41,19.21,28.82,15.21,1518264000,8.0,90.0,2018-02-10 09:00:00,Partly cloudy starting in the afternoon.
0.55,1022.61,15.81,22.02,14.21,1518350400,9.0,140.0,2018-02-11 09:00:00,"Partly cloudy starting in the afternoon, continuing until evening."
0.71,1023.82,13.61,23.8,10.21,1518436800,0.0,50.0,2018-02-12 09:00:00,Clear throughout the day.
0.7,1021.71,16.01,26.6,9.01,1518523200,0.0,20.0,2018-02-13 09:00:00,Breezy until afternoon.
0.69,1020.21,18.81,29.02,12.21,1518609600,0.0,50.0,2018-02-14 09:00:00,Clear throughout the day.
0.67,1018.49,20.61,30.4,15.21,1518696000,7.0,0.0,2018-02-15 09:00:00,Partly cloudy until evening.
0.7,1016.88,22.82,32.82,17.61,1518782400,7.0,50.0,2018-02-16 09:00:00,Partly cloudy until evening.
0.67,1013.8,23.0,32.61,17.71,1518868800,8.0,50.0,2018-02-17 09:00:00,Partly cloudy until afternoon.
0.71,1006.4,25.12,33.71,19.01,1518955200,8.0,50.0,2018-02-18 09:00:00,Partly cloudy starting in the afternoon.
0.95,1006.6,18.91,29.51,18.91,1519041600,6.0,20.0,2018-02-19 09:00:00,Mostly cloudy until evening.
0.77,1009.1,19.01,24.11,15.01,1519128000,7.0,180.0,2018-02-20 09:00:00,Mostly cloudy throughout the day.
0.8,1016.6,17.21,25.5,14.51,1519214400,8.0,140.0,2018-02-21 09:00:00,"Partly cloudy starting in the afternoon, continuing until evening."
0.62,1017.6,18.01,27.52,12.51,1519300800,7.0,0.0,2018-02-22 09:00:00,Partly cloudy starting in the evening.
0.78,1017.38,18.71,27.52,13.61,1519387200,6.0,140.0,2018-02-23 09:00:00,Mostly cloudy until evening.
0.85,1019.69,18.91,26.31,16.21,1519473600,6.0,140.0,2018-02-24 09:00:00,Mostly cloudy throughout the day.
0.78,1019.49,18.81,27.41,15.21,1519560000,5.0,110.0,2018-02-25 09:00:00,Mostly cloudy throughout the day.
0.85,1017.31,18.91,27.31,17.61,1519646400,6.0,50.0,2018-02-26 09:00:00,Mostly cloudy until evening.
0.83,1012.91,19.41,28.51,16.71,1519732800,8.0,90.0,2018-02-27 09:00:00,Partly cloudy starting in the afternoon.
0.88,1012.6,19.71,29.62,19.21,1519819200,7.0,110.0,2018-02-28 09:00:00,Mostly cloudy until evening.
0.9,1013.89,20.01,30.71,14.51,1519905600,8.0,20.0,2018-03-01 09:00:00,Clear throughout the day.
0.72,1015.52,22.71,31.92,16.51,1519992000,8.0,20.0,2018-03-02 09:00:00,Clear throughout the day.
0.83,1012.29,20.61,32.01,17.01,1520078400,8.0,20.0,2018-03-03 09:00:00,"Partly cloudy starting in the afternoon, continuing until evening."
0.84,1009.1,21.22,32.61,17.01,1520164800,7.0,0.0,2018-03-04 09:00:00,Mostly cloudy throughout the day.
0.88,1012.71,19.61,26.4,19.21,1520251200,6.0,161.0,2018-03-05 09:00:00,Partly cloudy until evening.
0.74,1019.49,14.61,24.61,9.22,1520337600,8.0,140.0,2018-03-06 09:00:00,Clear throughout the day.
0.75,1016.345,14.809999999999999,26.715,9.965,1520424000,6.5,70.0,2018-03-07 09:00:00,INTERPOLATED
0.76,1013.2,15.01,28.82,10.71,1520510400,5.0,0.0,2018-03-08 09:00:00,Partly cloudy starting in the afternoon.
0.64,1010.3,20.01,31.72,15.21,1520596800,7.0,50.0,2018-03-09 09:00:00,Partly cloudy in the morning.
0.69,1005.79,21.41,33.5,15.21,1520683200,8.0,0.0,2018-03-10 09:00:00,Breezy and mostly cloudy starting in the evening.
0.69,1015.19,14.21,23.0,12.01,1520769600,7.0,200.0,2018-03-11 09:00:00,Clear throughout the day.
0.78,1013.41,12.21,27.62,8.42,1520856000,7.0,0.0,2018-03-12 09:00:00,"Breezy starting in the afternoon, continuing until evening, and partly cloudy starting in the evening."
0.43,1011.39,16.81,25.81,13.41,1520942400,7.0,230.0,2018-03-13 09:00:00,Clear throughout the day.
0.54,1008.3,15.91,29.22,10.81,1521028800,4.0,50.0,2018-03-14 09:00:00,"Mostly cloudy starting in the afternoon, continuing until evening, and dangerously windy overnight."
0.59,1014.29,12.81,21.81,10.61,1521115200,7.0,200.0,2018-03-15 09:00:00,Clear throughout the day.
0.67,1012.71,13.21,27.31,6.61,1521201600,7.0,20.0,2018-03-16 09:00:00,Breezy in the afternoon.
0.65,1006.6,20.51,27.21,15.01,1521288000,5.0,20.0,2018-03-17 09:00:00,Mostly cloudy throughout the day.
0.91,1004.0,16.61,23.0,15.61,1521374400,6.0,230.0,2018-03-18 09:00:00,Breezy and mostly cloudy until afternoon.
0.64,1013.59,12.01,25.21,6.52,1521460800,7.0,270.0,2018-03-19 09:00:00,Clear throughout the day.
0.62,1014.2,15.31,21.91,9.61,1521547200,7.0,230.0,2018-03-20 09:00:00,Clear throughout the day.
0.8,1022.01,10.81,21.22,8.11,1521633600,6.0,90.0,2018-03-21 09:00:00,Clear throughout the day.
0.84,1012.21,12.81,24.11,11.21,1521720000,4.0,20.0,2018-03-22 09:00:00,Mostly cloudy until evening.
0.86,1005.3,16.01,31.02,13.01,1521806400,5.0,20.0,2018-03-23 09:00:00,Mostly cloudy until afternoon.
0.64,1011.29,16.01,21.41,11.41,1521892800,4.0,230.0,2018-03-24 09:00:00,Mostly cloudy throughout the day.
0.77,1022.22,9.81,18.61,9.22,1521979200,6.0,200.0,2018-03-25 09:00:00,Partly cloudy in the afternoon.
0.78,1022.31,9.51,23.0,4.7,1522065600,5.0,0.0,2018-03-26 09:00:00,Partly cloudy throughout the day.
0.83,1021.12,11.91,24.7,7.61,1522152000,6.0,71.0,2018-03-27 09:00:00,Clear throughout the day.
0.97,1015.92,13.51,28.21,11.01,1522238400,6.0,50.0,2018-03-28 09:00:00,Clear throughout the day.
0.88,1014.99,15.91,30.01,13.01,1522324800,6.0,0.0,2018-03-29 09:00:00,Clear throughout the day.
0.8,1014.39,18.41,32.61,14.21,1522411200,6.0,20.0,2018-03-30 09:00:00,Partly cloudy starting in the evening.
0.82,1012.29,19.71,32.01,16.01,1522497600,6.0,50.0,2018-03-31 09:00:00,Mostly cloudy starting in the afternoon.
0.93,1015.62,17.21,21.52,17.21,1522584000,4.0,90.0,2018-04-01 09:00:00,Overcast throughout the day.
0.98,1017.31,15.91,20.01,15.01,1522670400,4.0,161.0,2018-04-02 09:00:00,Mostly cloudy throughout the day.
0.97,1014.11,14.81,24.7,11.71,1522756800,5.0,71.0,2018-04-03 09:00:00,Clear throughout the day.
0.91,1011.9,14.61,29.3,12.61,1522843200,6.0,0.0,2018-04-04 09:00:00,Clear throughout the day.
0.86,1010.9,17.01,29.8,14.21,1522929600,5.0,70.0,2018-04-05 09:00:00,Mostly cloudy starting in the afternoon.
0.95,1016.29,13.61,18.61,13.61,1523016000,3.0,140.0,2018-04-06 09:00:00,Overcast throughout the day.
0.97,1014.61,13.61,19.51,13.01,1523102400,3.0,161.0,2018-04-07 09:00:00,Mostly cloudy until evening.
0.98,1016.5,17.81,20.51,15.21,1523188800,3.0,105.5,2018-04-08 09:00:00,Overcast throughout the day.
0.94,1014.99,17.01,28.4,15.61,1523275200,4.0,50.0,2018-04-09 09:00:00,"Partly cloudy until evening and breezy starting in the afternoon, continuing until evening."
0.74,1005.89,22.71,32.41,22.21,1523361600,3.0,341.0,2018-04-10 09:00:00,Mostly cloudy throughout the day and breezy until afternoon.
0.635,1012.99,18.16,25.81,16.76,1523448000,3.5,270.5,2018-04-11 09:00:00,INTERPOLATED
0.53,1020.09,13.61,19.21,11.31,1523534400,4.0,200.0,2018-04-12 09:00:00,Overcast until afternoon.
0.65,1028.42,8.91,19.51,5.71,1523620800,5.0,90.0,2018-04-13 09:00:00,Clear throughout the day.
0.8,1027.49,12.61,24.0,9.01,1523707200,4.0,71.0,2018-04-14 09:00:00,Partly cloudy until evening and breezy in the afternoon.
0.81,1026.09,15.01,26.6,12.51,1523793600,5.0,50.0,2018-04-15 09:00:00,Breezy in the afternoon.
0.85,1022.31,16.51,28.51,15.11,1523880000,4.0,50.0,2018-04-16 09:00:00,"Partly cloudy throughout the day and breezy starting in the afternoon, continuing until evening."
0.89,1017.89,17.91,29.22,14.61,1523966400,4.0,20.0,2018-04-17 09:00:00,Partly cloudy until evening.
0.89,1016.4,20.01,28.21,19.61,1524052800,3.0,0.0,2018-04-18 09:00:00,Mostly cloudy until evening.
0.88,1013.89,20.21,32.41,19.71,1524139200,4.0,71.0,2018-04-19 09:00:00,Mostly cloudy throughout the day.
0.95,1010.6,20.51,24.0,20.11,1524225600,3.0,200.0,2018-04-20 09:00:00,Mostly cloudy until evening.
0.96,1013.89,18.61,23.8,17.51,1524312000,3.0,140.0,2018-04-21 09:00:00,Mostly cloudy until afternoon.
0.97,1011.21,17.21,29.71,16.01,1524398400,4.0,50.0,2018-04-22 09:00:00,Mostly cloudy starting in the evening.
0.93,1015.29,16.61,20.21,15.71,1524484800,3.0,140.0,2018-04-23 09:00:00,Mostly cloudy throughout the day.
0.94,1021.2,13.71,21.52,13.71,1524571200,3.0,90.0,2018-04-24 09:00:00,Mostly cloudy throughout the day and breezy in the afternoon.
0.96,1018.8,18.81,24.4,18.31,1524657600,3.0,320.0,2018-04-25 09:00:00,Mostly cloudy until evening.
0.93,1013.5,20.91,26.4,20.01,1524744000,3.0,20.0,2018-04-26 09:00:00,Mostly cloudy throughout the day and breezy in the afternoon.
0.92,1010.8,21.81,27.52,18.41,1524830400,3.0,0.0,2018-04-27 09:00:00,Mostly cloudy throughout the day.
0.96,1016.4,16.21,19.21,15.51,1524916800,3.0,140.0,2018-04-28 09:00:00,Overcast throughout the day.
0.97,1013.5,18.01,20.02,17.01,1525003200,3.0,90.0,2018-04-29 09:00:00,Foggy starting in the evening.
0.97,1018.19,16.21,19.71,13.81,1525089600,3.0,161.0,2018-04-30 09:00:00,Mostly cloudy throughout the day.
0.93,1022.22,10.81,14.01,10.81,1525176000,3.0,161.0,2018-05-01 09:00:00,Overcast throughout the day.
0.94,1016.09,15.21,17.51,13.61,1525262400,4.0,90.0,2018-05-02 09:00:00,"Mostly cloudy starting in the afternoon, continuing until evening."
0.96,1015.09,15.41,21.01,14.71,1525348800,3.0,140.0,2018-05-03 09:00:00,Mostly cloudy throughout the day.
0.98,1014.2,16.11,18.91,16.11,1525435200,3.0,140.0,2018-05-04 09:00:00,Overcast throughout the day.
0.96,1022.31,12.61,17.21,12.51,1525521600,2.0,110.0,2018-05-05 09:00:00,Overcast throughout the day.
0.97,1023.01,17.11,20.01,17.11,1525608000,2.0,71.0,2018-05-06 09:00:00,Mostly cloudy throughout the day.
0.95,1019.1,18.21,20.31,17.11,1525694400,2.0,50.0,2018-05-07 09:00:00,Overcast throughout the day.
0.96,1015.72,19.41,20.01,17.81,1525780800,2.0,90.0,2018-05-08 09:00:00,Overcast until evening.
0.98,1016.19,16.41,18.81,15.51,1525867200,2.0,20.0,2018-05-09 09:00:00,Mostly cloudy starting in the afternoon.
0.96,1012.8,17.21,17.71,15.71,1525953600,2.0,200.0,2018-05-10 09:00:00,Mostly cloudy throughout the day.
0.8,1013.2,11.21,20.01,11.21,1526040000,3.0,251.0,2018-05-11 09:00:00,Clear throughout the day.
0.9,1017.49,10.01,19.71,7.61,1526126400,3.0,150.5,2018-05-12 09:00:00,Clear throughout the day.
0.93,1016.6,12.01,20.8,9.51,1526212800,2.0,50.0,2018-05-13 09:00:00,Mostly cloudy throughout the day and breezy in the afternoon.
0.92,1009.91,14.91,21.81,14.01,1526299200,3.0,0.0,2018-05-14 09:00:00,Mostly cloudy until evening.
0.69,1016.6,11.51,17.81,9.61,1526385600,3.0,230.0,2018-05-15 09:00:00,Mostly cloudy starting in the afternoon.
0.81,1023.82,8.8,14.91,8.51,1526472000,3.0,200.0,2018-05-16 09:00:00,Mostly cloudy throughout the day.
0.9,1018.19,10.51,12.71,9.22,1526558400,2.0,20.0,2018-05-17 09:00:00,Overcast until evening.
0.95,1016.6,9.22,19.81,3.62,1526644800,3.0,50.0,2018-05-18 09:00:00,Partly cloudy until evening.
0.95,1016.6,9.22,19.81,3.62,1526731200,3.0,50.0,2018-05-19 09:00:00,INTERPOLATED
0.95,1016.6,9.22,19.81,3.62,1526817600,3.0,50.0,2018-05-20 09:00:00,INTERPOLATED
0.95,1016.6,9.22,19.81,3.62,1526904000,3.0,50.0,2018-05-21 09:00:00,INTERPOLATED
0.95,1016.6,9.22,19.81,3.62,1526990400,3.0,50.0,2018-05-22 09:00:00,INTERPOLATED
0.95,1016.6,9.22,19.81,3.62,1527076800,3.0,50.0,2018-05-23 09:00:00,INTERPOLATED
0.95,1016.6,9.22,19.81,3.62,1527163200,3.0,50.0,2018-05-24 09:00:00,INTERPOLATED
0.95,1016.6,9.22,19.81,3.62,1527249600,3.0,50.0,2018-05-25 09:00:00,INTERPOLATED
0.95,1016.6,9.22,19.81,3.62,1527336000,3.0,50.0,2018-05-26 09:00:00,INTERPOLATED
0.95,1016.6,9.22,19.81,3.62,1527422400,3.0,50.0,2018-05-27 09:00:00,INTERPOLATED
0.95,1016.6,9.22,19.81,3.62,1527508800,3.0,50.0,2018-05-28 09:00:00,INTERPOLATED
0.95,1016.6,9.22,19.81,3.62,1527595200,3.0,50.0,2018-05-29 09:00:00,INTERPOLATED
0.95,1016.6,9.22,19.81,3.62,1527681600,3.0,50.0,2018-05-30 09:00:00,INTERPOLATED
0.95,1016.6,9.22,19.81,3.62,1527768000,3.0,50.0,2018-05-31 09:00:00,INTERPOLATED
0.95,1016.6,9.22,19.81,3.62,1527854400,3.0,50.0,2018-06-01 09:00:00,INTERPOLATED
0.95,1016.6,9.22,19.81,3.62,1527940800,3.0,50.0,2018-06-02 09:00:00,INTERPOLATED
0.95,1016.6,9.22,19.81,3.62,1528027200,3.0,50.0,2018-06-03 09:00:00,INTERPOLATED
0.95,1016.6,9.22,19.81,3.62,1528113600,3.0,50.0,2018-06-04 09:00:00,INTERPOLATED
0.95,1016.6,9.22,19.81,3.62,1528200000,3.0,50.0,2018-06-05 09:00:00,INTERPOLATED
0.95,1016.6,9.22,19.81,3.62,1528286400,3.0,50.0,2018-06-06 09:00:00,INTERPOLATED
0.95,1016.6,9.22,19.81,3.62,1528372800,3.0,50.0,2018-06-07 09:00:00,INTERPOLATED
0.95,1016.6,9.22,19.81,3.62,1528459200,3.0,50.0,2018-06-08 09:00:00,INTERPOLATED
0.95,1016.6,9.22,19.81,3.62,1528545600,3.0,50.0,2018-06-09 09:00:00,INTERPOLATED
0.95,1016.6,9.22,19.81,3.62,1528632000,3.0,50.0,2018-06-10 09:00:00,INTERPOLATED
0.95,1016.6,9.22,19.81,3.62,1528718400,3.0,50.0,2018-06-11 09:00:00,INTERPOLATED
0.95,1016.6,9.22,19.81,3.62,1528804800,3.0,50.0,2018-06-12 09:00:00,INTERPOLATED
0.95,1016.6,9.22,19.81,3.62,1528891200,3.0,50.0,2018-06-13 09:00:00,INTERPOLATED
0.95,1016.6,9.22,19.81,3.62,1528977600,3.0,50.0,2018-06-14 09:00:00,INTERPOLATED
0.95,1016.6,9.22,19.81,3.62,1529064000,3.0,50.0,2018-06-15 09:00:00,INTERPOLATED
0.95,1016.6,9.22,19.81,3.62,1529150400,3.0,50.0,2018-06-16 09:00:00,INTERPOLATED
0.95,1016.6,9.22,19.81,3.62,1529236800,3.0,50.0,2018-06-17 09:00:00,INTERPOLATED
0.95,1016.6,9.22,19.81,3.62,1529323200,3.0,50.0,2018-06-18 09:00:00,INTERPOLATED
0.95,1016.6,9.22,19.81,3.62,1529409600,3.0,50.0,2018-06-19 09:00:00,INTERPOLATED
0.95,1016.6,9.22,19.81,3.62,1529496000,3.0,50.0,2018-06-20 09:00:00,INTERPOLATED
0.95,1016.6,9.22,19.81,3.62,1529582400,3.0,50.0,2018-06-21 09:00:00,INTERPOLATED
0.95,1016.6,9.22,19.81,3.62,1529668800,3.0,50.0,2018-06-22 09:00:00,INTERPOLATED
0.95,1016.6,9.22,19.81,3.62,1529755200,3.0,50.0,2018-06-23 09:00:00,INTERPOLATED
0.95,1016.6,9.22,19.81,3.62,1529841600,3.0,50.0,2018-06-24 09:00:00,INTERPOLATED
0.95,1016.6,9.22,19.81,3.62,1529928000,3.0,50.0,2018-06-25 09:00:00,INTERPOLATED
0.95,1016.6,9.22,19.81,3.62,1530014400,3.0,50.0,2018-06-26 09:00:00,INTERPOLATED
0.95,1016.6,9.22,19.81,3.62,1530100800,3.0,50.0,2018-06-27 09:00:00,INTERPOLATED
0.95,1016.6,9.22,19.81,3.62,1530187200,3.0,50.0,2018-06-28 09:00:00,INTERPOLATED
0.95,1016.6,9.22,19.81,3.62,1530273600,3.0,50.0,2018-06-29 09:00:00,INTERPOLATED
0.95,1016.6,9.22,19.81,3.62,1530360000,3.0,50.0,2018-06-30 09:00:00,INTERPOLATED
0.95,1016.6,9.22,19.81,3.62,1530446400,3.0,50.0,2018-07-01 09:00:00,INTERPOLATED
0.95,1016.6,9.22,19.81,3.62,1530532800,3.0,50.0,2018-07-02 09:00:00,INTERPOLATED
0.95,1016.6,9.22,19.81,3.62,1530619200,3.0,50.0,2018-07-03 09:00:00,INTERPOLATED
0.95,1016.6,9.22,19.81,3.62,1530705600,3.0,50.0,2018-07-04 09:00:00,INTERPOLATED
0.95,1016.6,9.22,19.81,3.62,1530792000,3.0,50.0,2018-07-05 09:00:00,INTERPOLATED
0.95,1016.6,9.22,19.81,3.62,1530878400,3.0,50.0,2018-07-06 09:00:00,INTERPOLATED
0.95,1016.6,9.22,19.81,3.62,1530964800,3.0,50.0,2018-07-07 09:00:00,INTERPOLATED
0.95,1016.6,9.22,19.81,3.62,1531051200,3.0,50.0,2018-07-08 09:00:00,INTERPOLATED
0.95,1016.6,9.22,19.81,3.62,1531137600,3.0,50.0,2018-07-09 09:00:00,INTERPOLATED
0.95,1016.6,9.22,19.81,3.62,1531224000,3.0,50.0,2018-07-10 09:00:00,INTERPOLATED
0.95,1016.6,9.22,19.81,3.62,1531310400,3.0,50.0,2018-07-11 09:00:00,INTERPOLATED
0.95,1016.6,9.22,19.81,3.62,1531396800,3.0,50.0,2018-07-12 09:00:00,INTERPOLATED
0.95,1016.6,9.22,19.81,3.62,1531483200,3.0,50.0,2018-07-13 09:00:00,INTERPOLATED
0.95,1016.6,9.22,19.81,3.62,1531569600,3.0,50.0,2018-07-14 09:00:00,INTERPOLATED
0.95,1016.6,9.22,19.81,3.62,1531656000,3.0,50.0,2018-07-15 09:00:00,INTERPOLATED
0.95,1016.6,9.22,19.81,3.62,1531742400,3.0,50.0,2018-07-16 09:00:00,INTERPOLATED
0.95,1016.6,9.22,19.81,3.62,1531828800,3.0,50.0,2018-07-17 09:00:00,INTERPOLATED
0.95,1016.6,9.22,19.81,3.62,1531915200,3.0,50.0,2018-07-18 09:00:00,INTERPOLATED
0.95,1016.6,9.22,19.81,3.62,1532001600,3.0,50.0,2018-07-19 09:00:00,INTERPOLATED
0.95,1016.6,9.22,19.81,3.62,1532088000,3.0,50.0,2018-07-20 09:00:00,INTERPOLATED
0.95,1016.6,9.22,19.81,3.62,1532174400,3.0,50.0,2018-07-21 09:00:00,INTERPOLATED
0.95,1016.6,9.22,19.81,3.62,1532260800,3.0,50.0,2018-07-22 09:00:00,INTERPOLATED
0.95,1016.6,9.22,19.81,3.62,1532347200,3.0,50.0,2018-07-23 09:00:00,INTERPOLATED
0.95,1016.6,9.22,19.81,3.62,1532433600,3.0,50.0,2018-07-24 09:00:00,INTERPOLATED
0.95,1016.6,9.22,19.81,3.62,1532520000,3.0,50.0,2018-07-25 09:00:00,INTERPOLATED
0.95,1016.6,9.22,19.81,3.62,1532606400,3.0,50.0,2018-07-26 09:00:00,INTERPOLATED
0.95,1016.6,9.22,19.81,3.62,1532692800,3.0,50.0,2018-07-27 09:00:00,INTERPOLATED
0.95,1016.6,9.22,19.81,3.62,1532779200,3.0,50.0,2018-07-28 09:00:00,INTERPOLATED
0.95,1016.6,9.22,19.81,3.62,1532865600,3.0,50.0,2018-07-29 09:00:00,INTERPOLATED
0.95,1016.6,9.22,19.81,3.62,1532952000,3.0,50.0,2018-07-30 09:00:00,INTERPOLATED
0.95,1016.6,9.22,19.81,3.62,1533038400,3.0,50.0,2018-07-31 09:00:00,INTERPOLATED
0.95,1016.6,9.22,19.81,3.62,1533124800,3.0,50.0,2018-08-01 09:00:00,INTERPOLATED
0.95,1016.6,9.22,19.81,3.62,1533211200,3.0,50.0,2018-08-02 09:00:00,INTERPOLATED
0.95,1016.6,9.22,19.81,3.62,1533297600,3.0,50.0,2018-08-03 09:00:00,INTERPOLATED
0.95,1016.6,9.22,19.81,3.62,1533384000,3.0,50.0,2018-08-04 09:00:00,INTERPOLATED
0.95,1016.6,9.22,19.81,3.62,1533470400,3.0,50.0,2018-08-05 09:00:00,INTERPOLATED
0.95,1016.6,9.22,19.81,3.62,1533556800,3.0,50.0,2018-08-06 09:00:00,INTERPOLATED
0.95,1016.6,9.22,19.81,3.62,1533643200,3.0,50.0,2018-08-07 09:00:00,INTERPOLATED
0.95,1016.6,9.22,19.81,3.62,1533729600,3.0,50.0,2018-08-08 09:00:00,INTERPOLATED
0.95,1016.6,9.22,19.81,3.62,1533816000,3.0,50.0,2018-08-09 09:00:00,INTERPOLATED
0.95,1016.6,9.22,19.81,3.62,1533902400,3.0,50.0,2018-08-10 09:00:00,INTERPOLATED
0.95,1016.6,9.22,19.81,3.62,1533988800,3.0,50.0,2018-08-11 09:00:00,INTERPOLATED
0.95,1016.6,9.22,19.81,3.62,1534075200,3.0,50.0,2018-08-12 09:00:00,INTERPOLATED
0.95,1016.6,9.22,19.81,3.62,1534161600,3.0,50.0,2018-08-13 09:00:00,INTERPOLATED
0.95,1016.6,9.22,19.81,3.62,1534248000,3.0,50.0,2018-08-14 09:00:00,INTERPOLATED
0.95,1016.6,9.22,19.81,3.62,1534334400,3.0,50.0,2018-08-15 09:00:00,INTERPOLATED
0.95,1016.6,9.22,19.81,3.62,1534420800,3.0,50.0,2018-08-16 09:00:00,INTERPOLATED
0.95,1016.6,9.22,19.81,3.62,1534507200,3.0,50.0,2018-08-17 09:00:00,INTERPOLATED
0.95,1016.6,9.22,19.81,3.62,1534593600,3.0,50.0,2018-08-18 09:00:00,INTERPOLATED
0.95,1016.6,9.22,19.81,3.62,1534680000,3.0,50.0,2018-08-19 09:00:00,INTERPOLATED
0.95,1016.6,9.22,19.81,3.62,1534766400,3.0,50.0,2018-08-20 09:00:00,INTERPOLATED
0.95,1016.6,9.22,19.81,3.62,1534852800,3.0,50.0,2018-08-21 09:00:00,INTERPOLATED
0.95,1016.6,9.22,19.81,3.62,1534939200,3.0,50.0,2018-08-22 09:00:00,INTERPOLATED
0.95,1016.6,9.22,19.81,3.62,1535025600,3.0,50.0,2018-08-23 09:00:00,INTERPOLATED
0.95,1016.6,9.22,19.81,3.62,1535112000,3.0,50.0,2018-08-24 09:00:00,INTERPOLATED
0.95,1016.6,9.22,19.81,3.62,1535198400,3.0,50.0,2018-08-25 09:00:00,INTERPOLATED
0.95,1016.6,9.22,19.81,3.62,1535284800,3.0,50.0,2018-08-26 09:00:00,INTERPOLATED
0.95,1016.6,9.22,19.81,3.62,1535371200,3.0,50.0,2018-08-27 09:00:00,INTERPOLATED
0.95,1016.6,9.22,19.81,3.62,1535457600,3.0,50.0,2018-08-28 09:00:00,INTERPOLATED
0.95,1016.6,9.22,19.81,3.62,1535544000,3.0,50.0,2018-08-29 09:00:00,INTERPOLATED
0.95,1016.6,9.22,19.81,3.62,1535630400,3.0,50.0,2018-08-30 09:00:00,INTERPOLATED
0.95,1016.6,9.22,19.81,3.62,1535716800,3.0,50.0,2018-08-31 09:00:00,INTERPOLATED
0.95,1016.6,9.22,19.81,3.62,1535803200,3.0,50.0,2018-09-01 09:00:00,INTERPOLATED
0.95,1016.6,9.22,19.81,3.62,1535889600,3.0,50.0,2018-09-02 09:00:00,INTERPOLATED
0.95,1016.6,9.22,19.81,3.62,1535976000,3.0,50.0,2018-09-03 09:00:00,INTERPOLATED
0.95,1016.6,9.22,19.81,3.62,1536062400,3.0,50.0,2018-09-04 09:00:00,INTERPOLATED
0.95,1016.6,9.22,19.81,3.62,1536148800,3.0,50.0,2018-09-05 09:00:00,INTERPOLATED
0.95,1016.6,9.22,19.81,3.62,1536235200,3.0,50.0,2018-09-06 09:00:00,INTERPOLATED
0.95,1016.6,9.22,19.81,3.62,1536321600,3.0,50.0,2018-09-07 09:00:00,INTERPOLATED
0.95,1016.6,9.22,19.81,3.62,1536408000,3.0,50.0,2018-09-08 09:00:00,INTERPOLATED
0.95,1016.6,9.22,19.81,3.62,1536494400,3.0,50.0,2018-09-09 09:00:00,INTERPOLATED
0.95,1016.6,9.22,19.81,3.62,1536580800,3.0,50.0,2018-09-10 09:00:00,INTERPOLATED
0.95,1016.6,9.22,19.81,3.62,1536667200,3.0,50.0,2018-09-11 09:00:00,INTERPOLATED
0.95,1016.6,9.22,19.81,3.62,1536753600,3.0,50.0,2018-09-12 09:00:00,INTERPOLATED
0.95,1016.6,9.22,19.81,3.62,1536840000,3.0,50.0,2018-09-13 09:00:00,INTERPOLATED
0.95,1016.6,9.22,19.81,3.62,1536926400,3.0,50.0,2018-09-14 09:00:00,INTERPOLATED
0.95,1016.6,9.22,19.81,3.62,1537012800,3.0,50.0,2018-09-15 09:00:00,INTERPOLATED
0.95,1016.6,9.22,19.81,3.62,1537099200,3.0,50.0,2018-09-16 09:00:00,INTERPOLATED
0.95,1016.6,9.22,19.81,3.62,1537185600,3.0,50.0,2018-09-17 09:00:00,INTERPOLATED
0.95,1016.6,9.22,19.81,3.62,1537272000,3.0,50.0,2018-09-18 09:00:00,INTERPOLATED
0.95,1016.6,9.22,19.81,3.62,1537358400,3.0,50.0,2018-09-19 09:00:00,INTERPOLATED
0.95,1016.6,9.22,19.81,3.62,1537444800,3.0,50.0,2018-09-20 09:00:00,INTERPOLATED
0.95,1016.6,9.22,19.81,3.62,1537531200,3.0,50.0,2018-09-21 09:00:00,INTERPOLATED
0.95,1016.6,9.22,19.81,3.62,1537617600,3.0,50.0,2018-09-22 09:00:00,INTERPOLATED
0.95,1016.6,9.22,19.81,3.62,1537704000,3.0,50.0,2018-09-23 09:00:00,INTERPOLATED
0.95,1016.6,9.22,19.81,3.62,1537790400,3.0,50.0,2018-09-24 09:00:00,INTERPOLATED
0.95,1016.6,9.22,19.81,3.62,1537876800,3.0,50.0,2018-09-25 09:00:00,INTERPOLATED
0.95,1016.6,9.22,19.81,3.62,1537963200,3.0,50.0,2018-09-26 09:00:00,INTERPOLATED
0.95,1016.6,9.22,19.81,3.62,1538049600,3.0,50.0,2018-09-27 09:00:00,INTERPOLATED
0.95,1016.6,9.22,19.81,3.62,1538136000,3.0,50.0,2018-09-28 09:00:00,INTERPOLATED
0.95,1016.6,9.22,19.81,3.62,1538222400,3.0,50.0,2018-09-29 09:00:00,INTERPOLATED
0.95,1016.6,9.22,19.81,3.62,1538308800,3.0,50.0,2018-09-30 09:00:00,INTERPOLATED
0.95,1016.6,9.22,19.81,3.62,1538395200,3.0,50.0,2018-10-01 09:00:00,INTERPOLATED
0.95,1016.6,9.22,19.81,3.62,1538481600,3.0,50.0,2018-10-02 09:00:00,INTERPOLATED
0.95,1016.6,9.22,19.81,3.62,1538568000,3.0,50.0,2018-10-03 09:00:00,INTERPOLATED
0.95,1016.6,9.22,19.81,3.62,1538654400,3.0,50.0,2018-10-04 09:00:00,INTERPOLATED
0.95,1016.6,9.22,19.81,3.62,1538740800,3.0,50.0,2018-10-05 09:00:00,INTERPOLATED
0.95,1016.6,9.22,19.81,3.62,1538827200,3.0,50.0,2018-10-06 09:00:00,INTERPOLATED
0.95,1016.6,9.22,19.81,3.62,1538913600,3.0,50.0,2018-10-07 09:00:00,INTERPOLATED
0.95,1016.6,9.22,19.81,3.62,1539000000,3.0,50.0,2018-10-08 09:00:00,INTERPOLATED
0.95,1016.6,9.22,19.81,3.62,1539086400,3.0,50.0,2018-10-09 09:00:00,INTERPOLATED
0.95,1016.6,9.22,19.81,3.62,1539172800,3.0,50.0,2018-10-10 09:00:00,INTERPOLATED
0.95,1016.6,9.22,19.81,3.62,1539259200,3.0,50.0,2018-10-11 09:00:00,INTERPOLATED
0.95,1016.6,9.22,19.81,3.62,1539345600,3.0,50.0,2018-10-12 09:00:00,INTERPOLATED
0.95,1016.6,9.22,19.81,3.62,1539432000,3.0,50.0,2018-10-13 09:00:00,INTERPOLATED
0.95,1016.6,9.22,19.81,3.62,1539518400,3.0,50.0,2018-10-14 09:00:00,INTERPOLATED
0.95,1016.6,9.22,19.81,3.62,1539604800,3.0,50.0,2018-10-15 09:00:00,INTERPOLATED
0.95,1016.6,9.22,19.81,3.62,1539691200,3.0,50.0,2018-10-16 09:00:00,INTERPOLATED
0.95,1016.6,9.22,19.81,3.62,1539777600,3.0,50.0,2018-10-17 09:00:00,INTERPOLATED
0.95,1016.6,9.22,19.81,3.62,1539864000,3.0,50.0,2018-10-18 09:00:00,INTERPOLATED
0.95,1016.6,9.22,19.81,3.62,1539950400,3.0,50.0,2018-10-19 09:00:00,INTERPOLATED
0.95,1016.6,9.22,19.81,3.62,1540036800,3.0,50.0,2018-10-20 09:00:00,INTERPOLATED
0.95,1016.6,9.22,19.81,3.62,1540123200,3.0,50.0,2018-10-21 09:00:00,INTERPOLATED
0.95,1016.6,9.22,19.81,3.62,1540209600,3.0,50.0,2018-10-22 09:00:00,INTERPOLATED
0.95,1016.6,9.22,19.81,3.62,1540296000,3.0,50.0,2018-10-23 09:00:00,INTERPOLATED
0.95,1016.6,9.22,19.81,3.62,1540382400,3.0,50.0,2018-10-24 09:00:00,INTERPOLATED
0.95,1016.6,9.22,19.81,3.62,1540468800,3.0,50.0,2018-10-25 09:00:00,INTERPOLATED
0.95,1016.6,9.22,19.81,3.62,1540555200,3.0,50.0,2018-10-26 09:00:00,INTERPOLATED
0.95,1016.6,9.22,19.81,3.62,1540641600,3.0,50.0,2018-10-27 09:00:00,INTERPOLATED
0.95,1016.6,9.22,19.81,3.62,1540728000,3.0,50.0,2018-10-28 09:00:00,INTERPOLATED
0.95,1016.6,9.22,19.81,3.62,1540814400,3.0,50.0,2018-10-29 09:00:00,INTERPOLATED
0.95,1016.6,9.22,19.81,3.62,1540900800,3.0,50.0,2018-10-30 09:00:00,INTERPOLATED
0.95,1016.6,9.22,19.81,3.62,1540987200,3.0,50.0,2018-10-31 09:00:00,INTERPOLATED
0.95,1016.6,9.22,19.81,3.62,1541073600,3.0,50.0,2018-11-01 09:00:00,INTERPOLATED
0.95,1016.6,9.22,19.81,3.62,1541160000,3.0,50.0,2018-11-02 09:00:00,INTERPOLATED
0.95,1016.6,9.22,19.81,3.62,1541246400,3.0,50.0,2018-11-03 09:00:00,INTERPOLATED
0.95,1016.6,9.22,19.81,3.62,1541332800,3.0,50.0,2018-11-04 09:00:00,INTERPOLATED
0.95,1016.6,9.22,19.81,3.62,1541419200,3.0,50.0,2018-11-05 09:00:00,INTERPOLATED
0.95,1016.6,9.22,19.81,3.62,1541505600,3.0,50.0,2018-11-06 09:00:00,INTERPOLATED
0.95,1016.6,9.22,19.81,3.62,1541592000,3.0,50.0,2018-11-07 09:00:00,INTERPOLATED
0.95,1016.6,9.22,19.81,3.62,1541678400,3.0,50.0,2018-11-08 09:00:00,INTERPOLATED
0.95,1016.6,9.22,19.81,3.62,1541764800,3.0,50.0,2018-11-09 09:00:00,INTERPOLATED
0.95,1016.6,9.22,19.81,3.62,1541851200,3.0,50.0,2018-11-10 09:00:00,INTERPOLATED
0.95,1016.6,9.22,19.81,3.62,1541937600,3.0,50.0,2018-11-11 09:00:00,INTERPOLATED
0.95,1016.6,9.22,19.81,3.62,1542024000,3.0,50.0,2018-11-12 09:00:00,INTERPOLATED
0.95,1016.6,9.22,19.81,3.62,1542110400,3.0,50.0,2018-11-13 09:00:00,INTERPOLATED
0.95,1016.6,9.22,19.81,3.62,1542196800,3.0,50.0,2018-11-14 09:00:00,INTERPOLATED
0.95,1016.6,9.22,19.81,3.62,1542283200,3.0,50.0,2018-11-15 09:00:00,INTERPOLATED
0.95,1016.6,9.22,19.81,3.62,1542369600,3.0,50.0,2018-11-16 09:00:00,INTERPOLATED
0.95,1016.6,9.22,19.81,3.62,1542456000,3.0,50.0,2018-11-17 09:00:00,INTERPOLATED
0.95,1016.6,9.22,19.81,3.62,1542542400,3.0,50.0,2018-11-18 09:00:00,INTERPOLATED
0.95,1016.6,9.22,19.81,3.62,1542628800,3.0,50.0,2018-11-19 09:00:00,INTERPOLATED
0.95,1016.6,9.22,19.81,3.62,1542715200,3.0,50.0,2018-11-20 09:00:00,INTERPOLATED
0.95,1016.6,9.22,19.81,3.62,1542801600,3.0,50.0,2018-11-21 09:00:00,INTERPOLATED
0.95,1016.6,9.22,19.81,3.62,1542888000,3.0,50.0,2018-11-22 09:00:00,INTERPOLATED
0.95,1016.6,9.22,19.81,3.62,1542974400,3.0,50.0,2018-11-23 09:00:00,INTERPOLATED
0.95,1016.6,9.22,19.81,3.62,1543060800,3.0,50.0,2018-11-24 09:00:00,INTERPOLATED
0.95,1016.6,9.22,19.81,3.62,1543147200,3.0,50.0,2018-11-25 09:00:00,INTERPOLATED
0.95,1016.6,9.22,19.81,3.62,1543233600,3.0,50.0,2018-11-26 09:00:00,INTERPOLATED
0.95,1016.6,9.22,19.81,3.62,1543320000,3.0,50.0,2018-11-27 09:00:00,INTERPOLATED
0.95,1016.6,9.22,19.81,3.62,1543406400,3.0,50.0,2018-11-28 09:00:00,INTERPOLATED
0.95,1016.6,9.22,19.81,3.62,1543492800,3.0,50.0,2018-11-29 09:00:00,INTERPOLATED
0.95,1016.6,9.22,19.81,3.62,1543579200,3.0,50.0,2018-11-30 09:00:00,INTERPOLATED
0.95,1016.6,9.22,19.81,3.62,1543665600,3.0,50.0,2018-12-01 09:00:00,INTERPOLATED
0.95,1016.6,9.22,19.81,3.62,1543752000,3.0,50.0,2018-12-02 09:00:00,INTERPOLATED
0.95,1016.6,9.22,19.81,3.62,1543838400,3.0,50.0,2018-12-03 09:00:00,INTERPOLATED
0.95,1016.6,9.22,19.81,3.62,1543924800,3.0,50.0,2018-12-04 09:00:00,INTERPOLATED
0.95,1016.6,9.22,19.81,3.62,1544011200,3.0,50.0,2018-12-05 09:00:00,INTERPOLATED
0.95,1016.6,9.22,19.81,3.62,1544097600,3.0,50.0,2018-12-06 09:00:00,INTERPOLATED
0.95,1016.6,9.22,19.81,3.62,1544184000,3.0,50.0,2018-12-07 09:00:00,INTERPOLATED
0.95,1016.6,9.22,19.81,3.62,1544270400,3.0,50.0,2018-12-08 09:00:00,INTERPOLATED
0.95,1016.6,9.22,19.81,3.62,1544356800,3.0,50.0,2018-12-09 09:00:00,INTERPOLATED
0.95,1016.6,9.22,19.81,3.62,1544443200,3.0,50.0,2018-12-10 09:00:00,INTERPOLATED
0.95,1016.6,9.22,19.81,3.62,1544529600,3.0,50.0,2018-12-11 09:00:00,INTERPOLATED
0.95,1016.6,9.22,19.81,3.62,1544616000,3.0,50.0,2018-12-12 09:00:00,INTERPOLATED
0.95,1016.6,9.22,19.81,3.62,1544702400,3.0,50.0,2018-12-13 09:00:00,INTERPOLATED
0.95,1016.6,9.22,19.81,3.62,1544788800,3.0,50.0,2018-12-14 09:00:00,INTERPOLATED
0.95,1016.6,9.22,19.81,3.62,1544875200,3.0,50.0,2018-12-15 09:00:00,INTERPOLATED
0.95,1016.6,9.22,19.81,3.62,1544961600,3.0,50.0,2018-12-16 09:00:00,INTERPOLATED
0.95,1016.6,9.22,19.81,3.62,1545048000,3.0,50.0,2018-12-17 09:00:00,INTERPOLATED
0.95,1016.6,9.22,19.81,3.62,1545134400,3.0,50.0,2018-12-18 09:00:00,INTERPOLATED
0.95,1016.6,9.22,19.81,3.62,1545220800,3.0,50.0,2018-12-19 09:00:00,INTERPOLATED
0.95,1016.6,9.22,19.81,3.62,1545307200,3.0,50.0,2018-12-20 09:00:00,INTERPOLATED
0.95,1016.6,9.22,19.81,3.62,1545393600,3.0,50.0,2018-12-21 09:00:00,INTERPOLATED
0.95,1016.6,9.22,19.81,3.62,1545480000,3.0,50.0,2018-12-22 09:00:00,INTERPOLATED
0.95,1016.6,9.22,19.81,3.62,1545566400,3.0,50.0,2018-12-23 09:00:00,INTERPOLATED
0.95,1016.6,9.22,19.81,3.62,1545652800,3.0,50.0,2018-12-24 09:00:00,INTERPOLATED
0.95,1016.6,9.22,19.81,3.62,1545739200,3.0,50.0,2018-12-25 09:00:00,INTERPOLATED
0.95,1016.6,9.22,19.81,3.62,1545825600,3.0,50.0,2018-12-26 09:00:00,INTERPOLATED
0.95,1016.6,9.22,19.81,3.62,1545912000,3.0,50.0,2018-12-27 09:00:00,INTERPOLATED
0.95,1016.6,9.22,19.81,3.62,1545998400,3.0,50.0,2018-12-28 09:00:00,INTERPOLATED
0.95,1016.6,9.22,19.81,3.62,1546084800,3.0,50.0,2018-12-29 09:00:00,INTERPOLATED
0.95,1016.6,9.22,19.81,3.62,1546171200,3.0,50.0,2018-12-30 09:00:00,INTERPOLATED
0.95,1016.6,9.22,19.81,3.62,1546257600,3.0,50.0,2018-12-31 09:00:00,INTERPOLATED
